id,name,LGFi,FFi,FFo,Pi,Po,Trojan_gate
0,n0,0,0,-1,0,3,0
1,n1,0,1,-1,0,5,0
2,n2[0],0,5,-1,0,8,0
3,n2[1],0,6,-1,0,9,0
4,n2[2],0,6,-1,0,9,0
5,n2[3],0,6,-1,0,9,0
6,n2[4],0,6,-1,0,9,0
7,n2[5],0,6,-1,0,9,0
8,n2[6],0,6,-1,0,9,0
9,n2[7],0,6,-1,0,9,0
10,n2[8],0,6,-1,0,9,0
11,n2[9],0,6,-1,0,9,0
12,n2[10],0,6,-1,0,9,0
13,n2[11],0,6,-1,0,9,0
14,n2[12],0,6,-1,0,9,0
15,n2[13],0,6,-1,0,9,0
16,n2[14],0,6,-1,0,9,0
17,n2[15],0,6,-1,0,9,0
18,n2[16],0,6,-1,0,9,0
19,n2[17],0,6,-1,0,9,0
20,n2[18],0,6,-1,0,9,0
21,n2[19],0,6,-1,0,9,0
22,n2[20],0,6,-1,0,9,0
23,n2[21],0,6,-1,0,9,0
24,n2[22],0,6,-1,0,9,0
25,n2[23],0,6,-1,0,9,0
26,n2[24],0,6,-1,0,9,0
27,n2[25],0,6,-1,0,9,0
28,n2[26],0,6,-1,0,9,0
29,n2[27],0,6,-1,0,9,0
30,n2[28],0,6,-1,0,9,0
31,n2[29],0,6,-1,0,9,0
32,n2[30],0,6,-1,0,9,0
33,n2[31],0,6,-1,0,9,0
34,n2[32],0,6,-1,0,9,0
35,n2[33],0,6,-1,0,9,0
36,n2[34],0,6,-1,0,9,0
37,n2[35],0,6,-1,0,9,0
38,n2[36],0,6,-1,0,9,0
39,n2[37],0,6,-1,0,9,0
40,n2[38],0,6,-1,0,9,0
41,n2[39],0,6,-1,0,9,0
42,n2[40],0,6,-1,0,9,0
43,n2[41],0,6,-1,0,9,0
44,n2[42],0,6,-1,0,9,0
45,n2[43],0,6,-1,0,9,0
46,n2[44],0,6,-1,0,9,0
47,n2[45],0,6,-1,0,9,0
48,n2[46],0,6,-1,0,9,0
49,n2[47],0,6,-1,0,9,0
50,n2[48],0,6,-1,0,9,0
51,n2[49],0,6,-1,0,9,0
52,n2[50],0,6,-1,0,9,0
53,n2[51],0,6,-1,0,9,0
54,n2[52],0,6,-1,0,9,0
55,n2[53],0,6,-1,0,9,0
56,n2[54],0,6,-1,0,9,0
57,n2[55],0,6,-1,0,9,0
58,n2[56],0,6,-1,0,9,0
59,n2[57],0,6,-1,0,9,0
60,n2[58],0,6,-1,0,9,0
61,n2[59],0,6,-1,0,9,0
62,n2[60],0,5,-1,0,8,0
63,n2[61],0,6,-1,0,9,0
64,n2[62],0,6,-1,0,9,0
65,n2[63],0,5,-1,0,8,0
66,n2[64],0,5,-1,0,8,0
67,n2[65],0,6,-1,0,9,0
68,n2[66],0,6,-1,0,9,0
69,n2[67],0,6,-1,0,9,0
70,n2[68],0,6,-1,0,9,0
71,n2[69],0,6,-1,0,9,0
72,n2[70],0,6,-1,0,9,0
73,n2[71],0,6,-1,0,9,0
74,n2[72],0,6,-1,0,9,0
75,n2[73],0,6,-1,0,9,0
76,n2[74],0,6,-1,0,9,0
77,n2[75],0,6,-1,0,9,0
78,n2[76],0,6,-1,0,9,0
79,n2[77],0,6,-1,0,9,0
80,n2[78],0,6,-1,0,9,0
81,n2[79],0,6,-1,0,9,0
82,n2[80],0,6,-1,0,9,0
83,n2[81],0,6,-1,0,9,0
84,n2[82],0,6,-1,0,9,0
85,n2[83],0,6,-1,0,9,0
86,n2[84],0,6,-1,0,9,0
87,n2[85],0,6,-1,0,9,0
88,n2[86],0,6,-1,0,9,0
89,n2[87],0,6,-1,0,9,0
90,n2[88],0,6,-1,0,9,0
91,n2[89],0,6,-1,0,9,0
92,n2[90],0,6,-1,0,9,0
93,n2[91],0,6,-1,0,9,0
94,n2[92],0,6,-1,0,9,0
95,n2[93],0,6,-1,0,9,0
96,n2[94],0,6,-1,0,9,0
97,n2[95],0,6,-1,0,9,0
98,n2[96],0,6,-1,0,9,0
99,n2[97],0,6,-1,0,9,0
100,n2[98],0,6,-1,0,9,0
101,n2[99],0,6,-1,0,9,0
102,n2[100],0,6,-1,0,9,0
103,n2[101],0,6,-1,0,9,0
104,n2[102],0,6,-1,0,9,0
105,n2[103],0,6,-1,0,9,0
106,n2[104],0,6,-1,0,9,0
107,n2[105],0,6,-1,0,9,0
108,n2[106],0,6,-1,0,9,0
109,n2[107],0,6,-1,0,9,0
110,n2[108],0,6,-1,0,9,0
111,n2[109],0,6,-1,0,9,0
112,n2[110],0,6,-1,0,9,0
113,n2[111],0,6,-1,0,9,0
114,n2[112],0,6,-1,0,9,0
115,n2[113],0,6,-1,0,9,0
116,n2[114],0,6,-1,0,9,0
117,n2[115],0,6,-1,0,9,0
118,n2[116],0,6,-1,0,9,0
119,n2[117],0,6,-1,0,9,0
120,n2[118],0,6,-1,0,9,0
121,n2[119],0,6,-1,0,9,0
122,n2[120],0,6,-1,0,9,0
123,n2[121],0,6,-1,0,9,0
124,n2[122],0,6,-1,0,9,0
125,n2[123],0,6,-1,0,9,0
126,n2[124],0,6,-1,0,9,0
127,n2[125],0,6,-1,0,9,0
128,n2[126],0,6,-1,0,9,0
129,n2[127],0,5,-1,0,8,0
130,n3[0],2,-1,2,3,0,0
131,n3[1],2,-1,2,3,0,0
132,n3[2],2,-1,2,3,0,0
133,n3[3],2,-1,2,3,0,0
134,n3[4],2,-1,2,3,0,0
135,n3[5],2,-1,2,3,0,0
136,n3[6],2,-1,2,3,0,0
137,n3[7],2,-1,2,3,0,0
138,n3[8],2,-1,2,3,0,0
139,n3[9],2,-1,2,3,0,0
140,n3[10],2,-1,2,3,0,0
141,n3[11],2,-1,2,3,0,0
142,n3[12],2,-1,2,3,0,0
143,n3[13],2,-1,2,3,0,0
144,n3[14],2,-1,2,3,0,0
145,n3[15],2,-1,2,3,0,0
146,n3[16],2,-1,2,3,0,0
147,n3[17],2,-1,2,3,0,0
148,n3[18],2,-1,2,3,0,0
149,n3[19],2,-1,2,3,0,0
150,n3[20],2,-1,2,3,0,0
151,n3[21],2,-1,2,3,0,0
152,n3[22],2,-1,2,3,0,0
153,n3[23],2,-1,2,3,0,0
154,n3[24],2,-1,2,3,0,0
155,n3[25],2,-1,2,3,0,0
156,n3[26],2,-1,2,3,0,0
157,n3[27],2,-1,2,3,0,0
158,n3[28],2,-1,2,3,0,0
159,n3[29],2,-1,2,3,0,0
160,n3[30],2,-1,2,3,0,0
161,n3[31],2,-1,2,3,0,0
162,n3[32],2,-1,2,3,0,0
163,n3[33],2,-1,2,3,0,0
164,n3[34],2,-1,2,3,0,0
165,n3[35],2,-1,2,3,0,0
166,n3[36],2,-1,2,3,0,0
167,n3[37],2,-1,2,3,0,0
168,n3[38],2,-1,2,3,0,0
169,n3[39],2,-1,2,3,0,0
170,n3[40],2,-1,2,3,0,0
171,n3[41],2,-1,2,3,0,0
172,n3[42],2,-1,2,3,0,0
173,n3[43],2,-1,2,3,0,0
174,n3[44],2,-1,2,3,0,0
175,n3[45],2,-1,2,3,0,0
176,n3[46],2,-1,2,3,0,0
177,n3[47],2,-1,2,3,0,0
178,n3[48],2,-1,2,3,0,0
179,n3[49],2,-1,2,3,0,0
180,n3[50],2,-1,2,3,0,0
181,n3[51],2,-1,2,3,0,0
182,n3[52],2,-1,2,3,0,0
183,n3[53],2,-1,2,3,0,0
184,n3[54],2,-1,2,3,0,0
185,n3[55],2,-1,2,3,0,0
186,n3[56],2,-1,2,3,0,0
187,n3[57],2,-1,2,3,0,0
188,n3[58],2,-1,2,3,0,0
189,n3[59],2,-1,2,3,0,0
190,n3[60],2,-1,2,3,0,0
191,n3[61],2,-1,2,3,0,0
192,n3[62],2,-1,2,3,0,0
193,n3[63],2,-1,2,3,0,0
194,n4[0],2,-1,2,3,0,0
195,n4[1],2,-1,2,3,0,0
196,n4[2],2,-1,2,3,0,0
197,n4[3],2,-1,2,3,0,0
198,n4[4],2,-1,2,3,0,0
199,n4[5],2,-1,2,3,0,0
200,n4[6],2,-1,2,3,0,0
201,n4[7],2,-1,2,3,0,0
202,n4[8],2,-1,2,3,0,0
203,n4[9],2,-1,2,3,0,0
204,n4[10],2,-1,2,3,0,0
205,n4[11],2,-1,2,3,0,0
206,n4[12],2,-1,2,3,0,0
207,n4[13],2,-1,2,3,0,0
208,n4[14],2,-1,2,3,0,0
209,n4[15],2,-1,2,3,0,0
210,n4[16],2,-1,2,3,0,0
211,n4[17],2,-1,2,3,0,0
212,n4[18],2,-1,2,3,0,0
213,n4[19],2,-1,2,3,0,0
214,n4[20],2,-1,2,3,0,0
215,n4[21],2,-1,2,3,0,0
216,n4[22],2,-1,2,3,0,0
217,n4[23],2,-1,2,3,0,0
218,n4[24],2,-1,2,3,0,0
219,n4[25],2,-1,2,3,0,0
220,n4[26],2,-1,2,3,0,0
221,n4[27],2,-1,2,3,0,0
222,n4[28],2,-1,2,3,0,0
223,n4[29],2,-1,2,3,0,0
224,n4[30],2,-1,2,3,0,0
225,n4[31],2,-1,2,3,0,0
226,n4[32],2,-1,2,3,0,0
227,n4[33],2,-1,2,3,0,0
228,n4[34],2,-1,2,3,0,0
229,n4[35],2,-1,2,3,0,0
230,n4[36],2,-1,2,3,0,0
231,n4[37],2,-1,2,3,0,0
232,n4[38],2,-1,2,3,0,0
233,n4[39],2,-1,2,3,0,0
234,n4[40],2,-1,2,3,0,0
235,n4[41],2,-1,2,3,0,0
236,n4[42],2,-1,2,3,0,0
237,n4[43],2,-1,2,3,0,0
238,n4[44],2,-1,2,3,0,0
239,n4[45],2,-1,2,3,0,0
240,n4[46],2,-1,2,3,0,0
241,n4[47],2,-1,2,3,0,0
242,n4[48],2,-1,2,3,0,0
243,n4[49],2,-1,2,3,0,0
244,n4[50],2,-1,2,3,0,0
245,n4[51],2,-1,2,3,0,0
246,n4[52],2,-1,2,3,0,0
247,n4[53],2,-1,2,3,0,0
248,n4[54],2,-1,2,3,0,0
249,n4[55],2,-1,2,3,0,0
250,n4[56],2,-1,2,3,0,0
251,n4[57],2,-1,2,3,0,0
252,n4[58],2,-1,2,3,0,0
253,n4[59],2,-1,2,3,0,0
254,n4[60],2,-1,2,3,0,0
255,n4[61],2,-1,2,3,0,0
256,n4[62],2,-1,2,3,0,0
257,n4[63],2,-1,2,3,0,0
258,n5[0],2,-1,2,3,0,0
259,n5[1],2,-1,2,3,0,0
260,n5[2],2,-1,2,3,0,0
261,n5[3],2,-1,2,3,0,0
262,n5[4],2,-1,2,3,0,0
263,n5[5],2,-1,2,3,0,0
264,n5[6],2,-1,2,3,0,0
265,n5[7],2,-1,2,3,0,0
266,n5[8],2,-1,2,3,0,0
267,n5[9],2,-1,2,3,0,0
268,n5[10],2,-1,2,3,0,0
269,n5[11],2,-1,2,3,0,0
270,n5[12],2,-1,2,3,0,0
271,n5[13],2,-1,2,3,0,0
272,n5[14],2,-1,2,3,0,0
273,n5[15],2,-1,2,3,0,0
274,n5[16],2,-1,2,3,0,0
275,n5[17],2,-1,2,3,0,0
276,n5[18],2,-1,2,3,0,0
277,n5[19],2,-1,2,3,0,0
278,n5[20],2,-1,2,3,0,0
279,n5[21],2,-1,2,3,0,0
280,n5[22],2,-1,2,3,0,0
281,n5[23],2,-1,2,3,0,0
282,n5[24],2,-1,2,3,0,0
283,n5[25],2,-1,2,3,0,0
284,n5[26],2,-1,2,3,0,0
285,n5[27],2,-1,2,3,0,0
286,n5[28],2,-1,2,3,0,0
287,n5[29],2,-1,2,3,0,0
288,n5[30],2,-1,2,3,0,0
289,n5[31],2,-1,2,3,0,0
290,n5[32],2,-1,2,3,0,0
291,n5[33],2,-1,2,3,0,0
292,n5[34],2,-1,2,3,0,0
293,n5[35],2,-1,2,3,0,0
294,n5[36],2,-1,2,3,0,0
295,n5[37],2,-1,2,3,0,0
296,n5[38],2,-1,2,3,0,0
297,n5[39],2,-1,2,3,0,0
298,n5[40],2,-1,2,3,0,0
299,n5[41],2,-1,2,3,0,0
300,n5[42],2,-1,2,3,0,0
301,n5[43],2,-1,2,3,0,0
302,n5[44],2,-1,2,3,0,0
303,n5[45],2,-1,2,3,0,0
304,n5[46],2,-1,2,3,0,0
305,n5[47],2,-1,2,3,0,0
306,n5[48],2,-1,2,3,0,0
307,n5[49],2,-1,2,3,0,0
308,n5[50],2,-1,2,3,0,0
309,n5[51],2,-1,2,3,0,0
310,n5[52],2,-1,2,3,0,0
311,n5[53],2,-1,2,3,0,0
312,n5[54],2,-1,2,3,0,0
313,n5[55],2,-1,2,3,0,0
314,n5[56],2,-1,2,3,0,0
315,n5[57],2,-1,2,3,0,0
316,n5[58],2,-1,2,3,0,0
317,n5[59],2,-1,2,3,0,0
318,n5[60],2,-1,2,3,0,0
319,n5[61],2,-1,2,3,0,0
320,n5[62],2,-1,2,3,0,0
321,n5[63],2,-1,2,3,0,0
322,g0,4,-1,1,2,4,0
323,g1,4,-1,1,2,4,0
324,g2,4,-1,1,2,4,0
325,g3,4,-1,1,2,4,0
326,g4,4,-1,1,2,4,0
327,g5,4,-1,1,2,4,0
328,g6,4,-1,1,2,4,0
329,g7,4,-1,1,2,4,0
330,g8,4,-1,1,2,4,0
331,g9,4,-1,1,2,4,0
332,g10,4,-1,1,2,4,0
333,g11,4,-1,1,2,4,0
334,g12,4,-1,1,2,4,0
335,g13,4,-1,1,2,4,0
336,g14,6,-1,1,2,1,0
337,g15,6,-1,1,2,1,0
338,g16,6,-1,1,2,1,0
339,g17,6,-1,1,2,1,0
340,g18,6,-1,1,2,1,0
341,g19,6,-1,1,2,1,0
342,g20,6,-1,1,2,1,0
343,g21,6,-1,1,2,1,0
344,g22,6,-1,1,2,1,0
345,g23,6,-1,1,2,1,0
346,g24,6,-1,1,2,1,0
347,g25,6,-1,1,2,1,0
348,g26,6,-1,1,2,1,0
349,g27,6,-1,1,2,1,0
350,g28,6,-1,1,2,1,0
351,g29,6,-1,1,2,1,0
352,g30,6,-1,1,2,1,0
353,g31,6,-1,1,2,1,0
354,g32,6,-1,1,2,1,0
355,g33,6,-1,1,2,1,0
356,g34,6,-1,1,2,1,0
357,g35,6,-1,1,2,1,0
358,g36,6,-1,1,2,1,0
359,g37,6,-1,1,2,1,0
360,g38,6,-1,1,2,1,0
361,g39,6,-1,1,2,1,0
362,g40,6,-1,1,2,1,0
363,g41,6,-1,1,2,1,0
364,g42,6,-1,1,2,1,0
365,g43,6,-1,1,2,1,0
366,g44,6,-1,1,2,1,0
367,g45,6,-1,1,2,1,0
368,g46,6,-1,1,2,1,0
369,g47,6,-1,1,2,1,0
370,g48,6,-1,1,2,1,0
371,g49,6,-1,1,2,1,0
372,g50,6,-1,1,2,1,0
373,g51,6,-1,1,2,1,0
374,g52,6,-1,1,2,1,0
375,g53,6,-1,1,2,1,0
376,g54,6,-1,1,2,1,0
377,g55,6,-1,1,2,1,0
378,g56,6,-1,1,2,1,0
379,g57,6,-1,1,2,1,0
380,g58,6,-1,1,2,1,0
381,g59,6,-1,1,2,1,0
382,g60,6,-1,1,2,1,0
383,g61,6,-1,1,2,1,0
384,g62,6,-1,1,2,1,0
385,g63,6,-1,1,2,1,0
386,g64,6,-1,1,2,1,0
387,g65,6,-1,1,2,1,0
388,g66,6,-1,1,2,1,0
389,g67,6,-1,1,2,1,0
390,g68,6,-1,1,2,1,0
391,g69,6,-1,1,2,1,0
392,g70,6,-1,1,2,1,0
393,g71,6,-1,1,2,1,0
394,g72,6,-1,1,2,1,0
395,g73,6,-1,1,2,1,0
396,g74,6,-1,1,2,1,0
397,g75,6,-1,1,2,1,0
398,g76,6,-1,1,2,1,0
399,g77,6,-1,1,2,1,0
400,g78,6,-1,1,2,1,0
401,g79,6,-1,1,2,1,0
402,g80,6,-1,1,2,1,0
403,g81,6,-1,1,2,1,0
404,g82,6,-1,1,2,1,0
405,g83,6,-1,1,2,1,0
406,g84,6,-1,1,2,1,0
407,g85,6,-1,1,2,1,0
408,g86,6,-1,1,2,1,0
409,g87,6,-1,1,2,1,0
410,g88,6,-1,1,2,1,0
411,g89,6,-1,1,2,1,0
412,g90,6,-1,1,2,1,0
413,g91,6,-1,1,2,1,0
414,g92,6,-1,1,2,1,0
415,g93,6,-1,1,2,1,0
416,g94,6,-1,1,2,1,0
417,g95,6,-1,1,2,1,0
418,g96,6,-1,1,2,1,0
419,g97,6,-1,1,2,1,0
420,g98,6,-1,1,2,1,0
421,g99,6,-1,1,2,1,0
422,g100,6,-1,1,2,1,0
423,g101,6,-1,1,2,1,0
424,g102,6,-1,1,2,1,0
425,g103,6,-1,1,2,1,0
426,g104,6,-1,1,2,1,0
427,g105,6,-1,1,2,1,0
428,g106,6,-1,1,2,1,0
429,g107,6,-1,1,2,1,0
430,g108,6,-1,1,2,1,0
431,g109,6,-1,1,2,1,0
432,g110,6,-1,1,2,1,0
433,g111,6,-1,1,2,1,0
434,g112,6,-1,1,2,1,0
435,g113,6,-1,1,2,1,0
436,g114,6,-1,1,2,1,0
437,g115,6,-1,1,2,1,0
438,g116,6,-1,1,2,1,0
439,g117,6,-1,1,2,1,0
440,g118,6,-1,1,2,1,0
441,g119,6,-1,1,2,1,0
442,g120,6,-1,1,2,1,0
443,g121,6,-1,1,2,1,0
444,g122,6,-1,1,2,1,0
445,g123,6,-1,1,2,1,0
446,g124,6,-1,1,2,1,0
447,g125,6,-1,1,2,1,0
448,g126,6,-1,1,2,1,0
449,g127,6,-1,1,2,1,0
450,g128,6,-1,1,2,1,0
451,g129,6,-1,1,2,1,0
452,g130,6,-1,1,2,1,0
453,g131,6,-1,1,2,1,0
454,g132,6,-1,1,2,1,0
455,g133,6,-1,1,2,1,0
456,g134,6,-1,1,2,1,0
457,g135,6,-1,1,2,1,0
458,g136,6,-1,1,2,1,0
459,g137,6,-1,1,2,1,0
460,g138,6,-1,1,2,1,0
461,g139,6,-1,1,2,1,0
462,g140,6,-1,1,2,1,0
463,g141,6,-1,1,2,1,0
464,g142,6,-1,1,2,1,0
465,g143,6,-1,1,2,1,0
466,g144,6,-1,1,2,1,0
467,g145,6,-1,1,2,1,0
468,g146,6,-1,1,2,1,0
469,g147,6,-1,1,2,1,0
470,g148,6,-1,1,2,1,0
471,g149,6,-1,1,2,1,0
472,g150,6,-1,1,2,1,0
473,g151,6,-1,1,2,1,0
474,g152,6,-1,1,2,1,0
475,g153,6,-1,1,2,1,0
476,g154,6,-1,1,2,1,0
477,g155,6,-1,1,2,1,0
478,g156,6,-1,1,2,1,0
479,g157,6,-1,1,2,1,0
480,g158,6,-1,1,2,1,0
481,g159,6,-1,1,2,1,0
482,g160,6,-1,1,2,1,0
483,g161,6,-1,1,2,1,0
484,g162,6,-1,1,2,1,0
485,g163,6,-1,1,2,1,0
486,g164,6,-1,1,2,1,0
487,g165,6,-1,1,2,1,0
488,g166,6,-1,1,2,1,0
489,g167,6,-1,1,2,1,0
490,g168,6,-1,1,2,1,0
491,g169,6,-1,1,2,1,0
492,g170,6,-1,1,2,1,0
493,g171,6,-1,1,2,1,0
494,g172,6,-1,1,2,1,0
495,g173,6,-1,1,2,1,0
496,g174,6,-1,1,2,1,0
497,g175,6,-1,1,2,1,0
498,g176,6,-1,1,2,1,0
499,g177,6,-1,1,2,1,0
500,g178,6,-1,1,2,1,0
501,g179,6,-1,1,2,1,0
502,g180,6,-1,1,2,1,0
503,g181,6,-1,1,2,1,0
504,g182,6,-1,1,2,1,0
505,g183,6,-1,1,2,1,0
506,g184,6,-1,1,2,1,0
507,g185,6,-1,1,2,1,0
508,g186,6,-1,1,2,1,0
509,g187,6,-1,1,2,1,0
510,g188,6,-1,1,2,1,0
511,g189,6,-1,1,2,1,0
512,g190,6,-1,1,2,1,0
513,g191,6,-1,1,2,1,0
514,g192,6,-1,1,2,1,0
515,g193,6,-1,1,2,1,0
516,g194,6,-1,1,2,1,0
517,g195,6,-1,1,2,1,0
518,g196,6,-1,1,2,1,0
519,g197,6,-1,1,2,1,0
520,g198,6,-1,1,2,1,0
521,g199,6,-1,1,2,1,0
522,g200,6,-1,1,2,1,0
523,g201,6,-1,1,2,1,0
524,g202,6,-1,1,2,1,0
525,g203,6,-1,1,2,1,0
526,g204,6,-1,1,2,1,0
527,g205,6,-1,1,2,1,0
528,g206,6,-1,1,2,2,0
529,g207,6,-1,1,2,2,0
530,g208,6,-1,1,2,2,0
531,g209,6,-1,1,2,2,0
532,g210,6,-1,1,2,2,0
533,g211,6,-1,1,2,2,0
534,g212,6,-1,1,2,2,0
535,g213,6,-1,1,2,2,0
536,g214,6,-1,1,2,2,0
537,g215,6,-1,1,2,2,0
538,g216,6,-1,1,2,2,0
539,g217,6,-1,1,2,2,0
540,g218,6,-1,1,2,2,0
541,g219,6,-1,1,2,2,0
542,g220,6,-1,1,2,2,0
543,g221,6,-1,1,2,2,0
544,g222,6,-1,1,2,2,0
545,g223,6,-1,1,2,2,0
546,g224,3,5,2,3,8,0
547,g225,2,5,2,1,8,0
548,g226,2,5,2,1,8,0
549,g227,2,5,2,1,8,0
550,g228,2,5,2,1,8,0
551,g229,2,5,2,1,8,0
552,g230,2,5,2,1,8,0
553,g231,2,5,2,1,8,0
554,g232,2,5,2,1,8,0
555,g233,2,5,2,1,8,0
556,g234,2,5,2,1,8,0
557,g235,2,5,2,1,8,0
558,g236,2,5,2,1,8,0
559,g237,2,5,2,1,8,0
560,g238,2,5,2,1,8,0
561,g239,2,5,2,1,8,0
562,g240,3,5,2,3,8,0
563,g241,2,5,2,1,8,0
564,g242,2,4,2,1,7,0
565,g243,2,5,2,1,8,0
566,g244,2,5,2,1,8,0
567,g245,2,5,2,1,8,0
568,g246,2,4,2,1,7,0
569,g247,2,5,2,1,8,0
570,g248,2,5,2,1,8,0
571,g249,3,5,2,3,8,0
572,g250,3,5,2,3,8,0
573,g251,3,5,2,3,8,0
574,g252,3,5,2,3,8,0
575,g253,3,5,2,3,8,0
576,g254,3,5,2,3,8,0
577,g255,2,5,2,1,8,0
578,g256,2,5,2,1,8,0
579,g257,2,5,2,1,8,0
580,g258,2,5,2,1,8,0
581,g259,2,5,2,1,8,0
582,g260,2,5,2,1,8,0
583,g261,2,5,2,1,8,0
584,g262,2,5,2,1,8,0
585,g263,2,5,2,1,8,0
586,g264,2,5,2,1,8,0
587,g265,2,5,2,1,8,0
588,g266,2,5,2,1,8,0
589,g267,2,5,2,1,8,0
590,g268,2,5,2,1,8,0
591,g269,2,5,2,1,8,0
592,g270,2,5,2,1,8,0
593,g271,3,5,2,3,8,0
594,g272,3,5,2,3,8,0
595,g273,3,5,2,3,8,0
596,g274,3,5,2,3,8,0
597,g275,2,5,2,1,8,0
598,g276,3,5,2,3,8,0
599,g277,3,5,2,3,8,0
600,g278,2,5,2,1,8,0
601,g279,3,5,2,3,8,0
602,g280,3,5,2,3,8,0
603,g281,3,5,2,3,8,0
604,g282,3,5,2,3,8,0
605,g283,3,5,2,3,8,0
606,g284,3,5,2,3,8,0
607,g285,3,5,2,3,8,0
608,g286,2,5,2,1,8,0
609,g287,3,5,2,3,8,0
610,g288,3,5,2,3,8,0
611,g289,3,5,2,3,8,0
612,g290,3,5,2,3,8,0
613,g291,3,5,2,3,8,0
614,g292,3,5,2,3,8,0
615,g293,3,5,2,3,8,0
616,g294,3,5,2,3,8,0
617,g295,3,5,2,3,8,0
618,g296,3,5,2,3,8,0
619,g297,3,5,2,3,8,0
620,g298,3,5,2,3,8,0
621,g299,2,5,2,1,8,0
622,g300,3,5,2,3,8,0
623,g301,2,5,2,1,8,0
624,g302,3,5,2,3,8,0
625,g303,2,5,2,1,8,0
626,g304,3,5,2,3,8,0
627,g305,2,5,2,1,8,0
628,g306,3,5,2,3,8,0
629,g307,2,5,2,1,8,0
630,g308,2,4,2,1,7,0
631,g309,2,5,2,1,8,0
632,g310,2,5,2,1,8,0
633,g311,3,-1,2,3,3,0
634,g312,3,-1,2,3,3,0
635,g313,3,-1,2,3,3,0
636,g314,3,-1,2,3,3,0
637,g315,3,-1,2,3,3,0
638,g316,3,-1,2,3,3,0
639,g317,3,-1,2,3,3,0
640,g318,3,-1,2,3,3,0
641,g319,3,-1,2,3,3,0
642,g320,3,-1,2,3,3,0
643,g321,3,-1,2,3,3,0
644,g322,3,-1,2,3,3,0
645,g323,3,-1,2,3,3,0
646,g324,3,-1,2,3,3,0
647,g325,3,-1,2,3,3,0
648,g326,3,-1,2,3,3,0
649,g327,2,5,2,1,8,0
650,g328,2,5,2,1,8,0
651,g329,2,5,2,1,8,0
652,g330,2,5,2,1,8,0
653,g331,2,5,2,1,8,0
654,g332,2,5,2,1,8,0
655,g333,2,5,2,1,8,0
656,g334,2,5,2,1,8,0
657,g335,2,5,2,1,8,0
658,g336,2,5,2,1,8,0
659,g337,2,5,2,1,8,0
660,g338,2,5,2,1,8,0
661,g339,2,5,2,1,8,0
662,g340,2,5,2,1,8,0
663,g341,2,5,2,1,8,0
664,g342,2,5,2,1,8,0
665,g343,2,5,2,1,8,0
666,g344,2,5,2,1,8,0
667,g345,2,5,2,1,8,0
668,g346,2,5,2,1,8,0
669,g347,2,5,2,1,8,0
670,g348,2,5,2,1,8,0
671,g349,2,5,2,1,8,0
672,g350,2,5,2,1,8,0
673,g351,2,5,2,1,8,0
674,g352,2,5,2,1,8,0
675,g353,2,5,2,1,8,0
676,g354,2,5,2,1,8,0
677,g355,2,5,2,1,8,0
678,g356,2,5,2,1,8,0
679,g357,2,5,2,1,8,0
680,g358,2,5,2,1,8,0
681,g359,2,5,2,1,8,0
682,g360,2,5,2,1,8,0
683,g361,2,5,2,1,8,0
684,g362,2,5,2,1,8,0
685,g363,2,5,2,1,8,0
686,g364,2,5,2,1,8,0
687,g365,2,5,2,1,8,0
688,g366,2,5,2,1,8,0
689,g367,2,5,2,1,8,0
690,g368,2,5,2,1,8,0
691,g369,2,5,2,1,8,0
692,g370,2,5,2,1,8,0
693,g371,2,5,2,1,8,0
694,g372,2,5,2,1,8,0
695,g373,2,5,2,1,8,0
696,g374,2,5,2,1,8,0
697,g375,2,5,2,1,8,0
698,g376,2,5,2,1,8,0
699,g377,2,5,2,1,8,0
700,g378,2,5,2,1,8,0
701,g379,2,5,2,1,8,0
702,g380,2,5,2,1,8,0
703,g381,2,5,2,1,8,0
704,g382,2,5,2,1,8,0
705,g383,2,5,2,1,8,0
706,g384,2,5,2,1,8,0
707,g385,2,5,2,1,8,0
708,g386,2,5,2,1,8,0
709,g387,2,5,2,1,8,0
710,g388,2,5,2,1,8,0
711,g389,2,5,2,1,8,0
712,g390,2,5,2,1,8,0
713,g391,2,5,2,1,8,0
714,g392,2,5,2,1,8,0
715,g393,2,5,2,1,8,0
716,g394,2,5,2,1,8,0
717,g395,2,5,2,1,8,0
718,g396,2,5,2,1,8,0
719,g397,2,5,2,1,8,0
720,g398,2,5,2,1,8,0
721,g399,2,5,2,1,8,0
722,g400,2,5,2,1,8,0
723,g401,3,5,2,3,8,0
724,g402,3,5,2,3,8,0
725,g403,3,5,2,3,8,0
726,g404,2,5,2,1,8,0
727,g405,3,5,2,3,8,0
728,g406,3,5,2,3,8,0
729,g407,2,5,2,1,8,0
730,g408,3,5,2,3,8,0
731,g409,3,5,2,3,8,0
732,g410,3,5,2,3,8,0
733,g411,3,5,2,3,8,0
734,g412,3,5,2,3,8,0
735,g413,3,5,2,3,8,0
736,g414,3,5,2,3,8,0
737,g415,3,5,2,3,8,0
738,g416,3,5,2,3,8,0
739,g417,3,5,2,3,8,0
740,g418,3,5,2,3,8,0
741,g419,3,5,2,3,8,0
742,g420,3,5,2,3,8,0
743,g421,3,5,2,3,8,0
744,g422,3,5,2,3,8,0
745,g423,2,5,2,1,8,0
746,g424,3,5,2,3,8,0
747,g425,3,5,2,3,8,0
748,g426,3,5,2,3,8,0
749,g427,3,5,2,3,8,0
750,g428,3,5,2,3,8,0
751,g429,2,5,2,1,8,0
752,g430,3,5,2,3,8,0
753,g431,2,5,2,3,8,0
754,g432,2,5,2,3,8,0
755,g433,2,5,2,3,8,0
756,g434,2,0,2,3,8,0
757,g435,2,5,2,3,8,0
758,g436,2,5,2,3,8,0
759,g437,2,5,2,3,8,0
760,g438,8,6,1,2,4,0
761,g439,2,-1,2,3,3,0
762,g440,8,6,1,2,4,0
763,g441,8,6,1,2,4,0
764,g442,8,0,1,2,4,0
765,g443,8,6,1,2,4,0
766,g444,8,6,1,2,4,0
767,g445,8,6,1,2,4,0
768,g446,2,-1,2,3,3,0
769,g447,2,5,2,3,8,0
770,g448,2,5,2,3,8,0
771,g449,2,5,2,3,8,0
772,g450,2,0,2,3,8,0
773,g451,2,5,2,3,8,0
774,g452,2,5,2,3,8,0
775,g453,2,5,2,3,8,0
776,g454,2,5,2,3,8,0
777,g455,2,5,2,3,8,0
778,g456,8,6,1,2,4,0
779,g457,8,6,1,2,4,0
780,g458,8,6,1,2,4,0
781,g459,8,0,1,2,4,0
782,g460,8,6,1,2,4,0
783,g461,8,6,1,2,4,0
784,g462,8,6,1,2,4,0
785,g463,8,6,1,2,4,0
786,g464,8,6,1,2,4,0
787,g465,4,-1,1,2,4,0
788,g466,4,6,1,2,9,0
789,g467,4,0,1,2,9,0
790,g468,4,0,1,2,9,0
791,g469,4,6,1,2,9,0
792,g470,4,0,1,2,9,0
793,g471,4,0,1,2,9,0
794,g472,4,0,1,2,8,0
795,g473,4,6,1,2,9,0
796,g474,4,5,1,2,8,0
797,g475,4,-1,1,2,4,0
798,g476,4,6,1,2,9,0
799,g477,4,6,1,2,9,0
800,g478,4,6,1,2,9,0
801,g479,4,6,1,2,9,0
802,g480,4,6,1,2,9,0
803,g481,4,6,1,2,4,0
804,g482,4,6,1,2,4,0
805,g483,3,3,0,1,2,0
806,g484,3,3,0,1,2,0
807,g485,3,3,0,1,2,0
808,g486,3,3,0,1,2,0
809,g487,3,3,0,1,2,0
810,g488,3,3,0,1,2,0
811,g489,3,3,0,1,2,0
812,g490,3,3,0,1,2,0
813,g491,3,3,0,1,2,0
814,g492,3,3,0,1,2,0
815,g493,3,3,0,1,2,0
816,g494,3,3,0,1,2,0
817,g495,3,3,0,1,2,0
818,g496,3,3,0,1,2,0
819,g497,3,3,0,1,2,0
820,g498,3,3,0,1,2,0
821,g499,3,3,0,1,2,0
822,g500,3,3,0,1,2,0
823,g501,3,3,0,1,2,0
824,g502,3,3,0,1,2,0
825,g503,3,3,0,1,2,0
826,g504,3,3,0,1,2,0
827,g505,3,3,0,1,2,0
828,g506,3,3,0,1,2,0
829,g507,3,3,0,1,2,0
830,g508,3,3,0,1,2,0
831,g509,3,3,0,1,2,0
832,g510,3,3,0,1,2,0
833,g511,3,3,0,1,2,0
834,g512,3,3,0,1,2,0
835,g513,3,3,0,1,2,0
836,g514,3,3,0,1,2,0
837,g515,3,3,0,1,2,0
838,g516,3,3,0,1,2,0
839,g517,3,3,0,1,2,0
840,g518,3,3,0,1,2,0
841,g519,3,3,0,1,2,0
842,g520,3,3,0,1,2,0
843,g521,3,3,0,1,2,0
844,g522,3,3,0,1,2,0
845,g523,3,3,0,1,2,0
846,g524,3,3,0,1,2,0
847,g525,3,3,0,1,2,0
848,g526,3,3,0,1,2,0
849,g527,3,3,0,1,2,0
850,g528,3,3,0,1,2,0
851,g529,3,3,0,1,2,0
852,g530,3,3,0,1,2,0
853,g531,3,3,0,1,2,0
854,g532,3,3,0,1,2,0
855,g533,3,3,0,1,2,0
856,g534,3,3,0,1,2,0
857,g535,3,3,0,1,2,0
858,g536,3,3,0,1,2,0
859,g537,3,3,0,1,2,0
860,g538,3,3,0,1,2,0
861,g539,3,3,0,1,2,0
862,g540,3,3,0,1,2,0
863,g541,3,3,0,1,2,0
864,g542,3,3,0,1,2,0
865,g543,3,3,0,1,2,0
866,g544,3,3,0,1,2,0
867,g545,3,3,0,1,2,0
868,g546,3,3,0,1,2,0
869,g547,3,3,0,1,2,0
870,g548,3,3,0,1,2,0
871,g549,3,3,0,1,2,0
872,g550,3,3,0,1,2,0
873,g551,3,3,0,1,2,0
874,g552,3,3,0,1,2,0
875,g553,3,3,0,1,2,0
876,g554,3,3,0,1,2,0
877,g555,3,3,0,1,2,0
878,g556,3,3,0,1,2,0
879,g557,3,3,0,1,2,0
880,g558,3,3,0,1,2,0
881,g559,3,3,0,1,2,0
882,g560,3,3,0,1,2,0
883,g561,3,3,0,1,2,0
884,g562,3,3,0,1,2,0
885,g563,3,3,0,1,2,0
886,g564,3,3,0,1,2,0
887,g565,3,3,0,1,2,0
888,g566,3,3,0,1,2,0
889,g567,3,3,0,1,2,0
890,g568,3,3,0,1,2,0
891,g569,3,3,0,1,2,0
892,g570,3,3,0,1,2,0
893,g571,3,3,0,1,2,0
894,g572,3,3,0,1,2,0
895,g573,3,3,0,1,2,0
896,g574,3,3,0,1,2,0
897,g575,3,3,0,1,2,0
898,g576,3,3,0,1,2,0
899,g577,3,3,0,1,2,0
900,g578,3,3,0,1,2,0
901,g579,3,3,0,1,2,0
902,g580,3,3,0,1,2,0
903,g581,3,3,0,1,2,0
904,g582,3,3,0,1,2,0
905,g583,3,3,0,1,2,0
906,g584,3,3,0,1,2,0
907,g585,3,3,0,1,2,0
908,g586,3,3,0,1,2,0
909,g587,3,3,0,1,2,0
910,g588,3,3,0,1,2,0
911,g589,3,3,0,1,2,0
912,g590,3,3,0,1,2,0
913,g591,3,3,0,1,2,0
914,g592,3,3,0,1,2,0
915,g593,3,3,0,1,2,0
916,g594,3,3,0,1,2,0
917,g595,3,3,0,1,2,0
918,g596,3,3,0,1,2,0
919,g597,3,3,0,1,2,0
920,g598,3,3,0,1,2,0
921,g599,3,3,0,1,2,0
922,g600,3,3,0,1,2,0
923,g601,3,3,0,1,2,0
924,g602,3,3,0,1,2,0
925,g603,3,3,0,1,2,0
926,g604,3,3,0,1,2,0
927,g605,3,3,0,1,2,0
928,g606,3,3,0,1,2,0
929,g607,3,3,0,1,2,0
930,g608,3,3,0,1,2,0
931,g609,3,3,0,1,2,0
932,g610,3,3,0,1,2,0
933,g611,3,3,0,1,2,0
934,g612,3,3,0,1,2,0
935,g613,3,3,0,1,2,0
936,g614,3,3,0,1,2,0
937,g615,3,3,0,1,2,0
938,g616,3,3,0,1,2,0
939,g617,3,3,0,1,2,0
940,g618,3,3,0,1,2,0
941,g619,3,3,0,1,2,0
942,g620,3,3,0,1,2,0
943,g621,3,3,0,1,2,0
944,g622,3,3,0,1,2,0
945,g623,3,3,0,1,2,0
946,g624,3,3,0,1,2,0
947,g625,3,3,0,1,2,0
948,g626,3,3,0,1,2,0
949,g627,3,3,0,1,2,0
950,g628,3,3,0,1,2,0
951,g629,3,3,0,1,2,0
952,g630,3,3,0,1,2,0
953,g631,3,3,0,1,2,0
954,g632,3,3,0,1,2,0
955,g633,3,3,0,1,2,0
956,g634,3,3,0,1,2,0
957,g635,3,3,0,1,2,0
958,g636,3,3,0,1,2,0
959,g637,3,3,0,1,2,0
960,g638,3,3,0,1,2,0
961,g639,3,3,0,1,2,0
962,g640,3,3,0,1,2,0
963,g641,3,3,0,1,2,0
964,g642,3,3,0,1,2,0
965,g643,3,3,0,1,2,0
966,g644,3,3,0,1,2,0
967,g645,3,3,0,1,2,0
968,g646,3,3,0,1,2,0
969,g647,3,3,0,1,2,0
970,g648,3,3,0,1,2,0
971,g649,3,3,0,1,2,0
972,g650,3,3,0,1,2,0
973,g651,3,3,0,1,2,0
974,g652,3,3,0,1,2,0
975,g653,3,3,0,1,2,0
976,g654,3,3,0,1,2,0
977,g655,3,3,0,1,2,0
978,g656,3,3,0,1,2,0
979,g657,3,3,0,1,2,0
980,g658,3,3,0,1,2,0
981,g659,3,3,0,1,2,0
982,g660,3,3,0,1,2,0
983,g661,3,3,0,1,2,0
984,g662,3,3,0,1,2,0
985,g663,3,3,0,1,2,0
986,g664,3,3,0,1,2,0
987,g665,3,3,0,1,2,0
988,g666,3,3,0,1,2,0
989,g667,3,3,0,1,2,0
990,g668,3,3,0,1,2,0
991,g669,3,3,0,1,2,0
992,g670,3,3,0,1,2,0
993,g671,3,3,0,1,2,0
994,g672,3,3,0,1,2,0
995,g673,3,3,0,1,2,0
996,g674,3,3,0,1,2,0
997,g675,3,3,0,1,5,0
998,g676,3,3,0,1,5,0
999,g677,3,3,0,1,5,0
1000,g678,3,3,0,1,5,0
1001,g679,3,3,0,1,5,0
1002,g680,3,3,0,1,5,0
1003,g681,3,3,0,1,5,0
1004,g682,3,3,0,1,5,0
1005,g683,3,3,0,1,5,0
1006,g684,3,3,0,1,5,0
1007,g685,3,3,0,1,5,0
1008,g686,3,3,0,1,5,0
1009,g687,3,3,0,1,5,0
1010,g688,3,3,0,1,5,0
1011,g689,3,3,0,1,5,0
1012,g690,3,3,0,1,5,0
1013,g691,3,2,0,1,11,0
1014,g692,3,4,0,1,11,0
1015,g693,3,4,0,1,11,0
1016,g694,3,3,0,1,9,0
1017,g695,3,3,0,1,8,0
1018,g696,3,2,0,1,8,0
1019,g697,3,0,3,1,9,0
1020,g698,4,1,2,3,10,0
1021,g699,3,2,2,3,11,0
1022,g700,3,0,3,1,10,0
1023,g701,3,0,2,1,9,0
1024,g702,4,0,3,3,6,0
1025,g703,4,0,3,3,6,0
1026,g704,4,0,3,3,6,0
1027,g705,4,0,3,3,6,0
1028,g706,4,0,3,3,6,0
1029,g707,4,0,3,3,6,0
1030,g708,4,0,3,3,6,0
1031,g709,4,0,3,3,6,0
1032,g710,4,0,3,3,6,0
1033,g711,4,0,3,3,6,0
1034,g712,4,0,3,3,6,0
1035,g713,4,0,3,3,6,0
1036,g714,4,0,3,3,6,0
1037,g715,4,0,3,3,6,0
1038,g716,4,0,3,3,6,0
1039,g717,4,0,3,3,6,0
1040,g718,5,1,1,2,10,0
1041,g719,4,1,2,3,11,0
1042,g720,2,2,3,4,11,0
1043,g721,4,0,3,4,3,0
1044,g722,4,0,3,4,3,0
1045,g723,4,0,3,4,3,0
1046,g724,3,1,2,2,7,0
1047,g725,3,1,2,2,7,0
1048,g726,3,1,2,2,7,0
1049,g727,3,1,2,2,7,0
1050,g728,3,1,2,2,7,0
1051,g729,3,1,2,2,7,0
1052,g730,3,1,2,2,7,0
1053,g731,3,1,2,2,7,0
1054,g732,3,1,2,2,7,0
1055,g733,3,1,2,2,7,0
1056,g734,3,1,2,2,7,0
1057,g735,3,1,2,2,7,0
1058,g736,3,1,2,2,7,0
1059,g737,3,1,2,2,7,0
1060,g738,3,1,2,2,7,0
1061,g739,3,1,2,2,7,0
1062,g740,3,1,2,2,7,0
1063,g741,3,1,2,2,7,0
1064,g742,3,1,2,2,7,0
1065,g743,3,1,2,2,7,0
1066,g744,3,1,2,2,7,0
1067,g745,3,1,2,2,7,0
1068,g746,3,1,2,2,7,0
1069,g747,3,1,2,2,7,0
1070,g748,3,1,2,2,7,0
1071,g749,3,1,2,2,7,0
1072,g750,3,1,2,2,7,0
1073,g751,3,1,2,2,7,0
1074,g752,3,1,2,2,7,0
1075,g753,3,1,2,2,7,0
1076,g754,3,1,2,2,7,0
1077,g755,3,1,2,2,7,0
1078,g756,4,0,3,4,3,0
1079,g757,4,0,3,4,3,0
1080,g758,4,0,3,4,3,0
1081,g759,4,0,3,4,3,0
1082,g760,4,0,3,4,3,0
1083,g761,4,0,3,4,3,0
1084,g762,4,0,3,4,3,0
1085,g763,4,0,3,4,3,0
1086,g764,4,0,3,4,3,0
1087,g765,4,0,3,4,3,0
1088,g766,4,0,3,4,3,0
1089,g767,4,0,3,4,3,0
1090,g768,4,0,3,3,3,0
1091,g769,4,0,3,3,3,0
1092,g770,4,0,3,3,3,0
1093,g771,4,0,3,3,3,0
1094,g772,4,0,3,4,3,0
1095,g773,4,0,3,4,3,0
1096,g774,4,0,3,3,3,0
1097,g775,4,0,3,4,3,0
1098,g776,4,0,3,3,3,0
1099,g777,4,0,3,3,3,0
1100,g778,4,0,3,3,3,0
1101,g779,4,0,3,3,3,0
1102,g780,4,0,3,3,3,0
1103,g781,4,0,3,4,3,0
1104,g782,4,0,3,4,3,0
1105,g783,4,0,3,4,3,0
1106,g784,4,0,3,3,3,0
1107,g785,4,0,3,4,3,0
1108,g786,4,0,3,4,3,0
1109,g787,4,0,3,3,3,0
1110,g788,4,0,3,3,3,0
1111,g789,4,0,3,4,3,0
1112,g790,4,0,3,4,3,0
1113,g791,4,0,3,4,3,0
1114,g792,4,0,3,4,3,0
1115,g793,4,0,3,4,3,0
1116,g794,4,0,3,4,3,0
1117,g795,4,0,3,4,3,0
1118,g796,4,0,3,4,3,0
1119,g797,4,0,3,4,3,0
1120,g798,4,0,3,4,3,0
1121,g799,4,0,3,3,3,0
1122,g800,4,0,3,4,3,0
1123,g801,4,0,3,3,3,0
1124,g802,4,0,3,3,3,0
1125,g803,4,0,3,3,3,0
1126,g804,4,0,3,4,3,0
1127,g805,4,0,3,4,3,0
1128,g806,4,0,3,3,3,0
1129,g807,4,0,3,4,3,0
1130,g808,4,0,3,4,3,0
1131,g809,4,0,3,4,3,0
1132,g810,4,0,3,4,3,0
1133,g811,4,0,3,4,3,0
1134,g812,4,0,3,4,3,0
1135,g813,4,0,3,4,3,0
1136,g814,4,0,3,4,3,0
1137,g815,4,0,3,4,3,0
1138,g816,4,0,3,4,3,0
1139,g817,4,0,3,4,3,0
1140,g818,4,0,3,3,3,0
1141,g819,4,0,3,3,3,0
1142,g820,4,0,3,4,3,0
1143,g821,4,0,3,4,3,0
1144,g822,4,0,3,4,3,0
1145,g823,4,0,3,4,3,0
1146,g824,4,0,3,4,3,0
1147,g825,4,0,3,4,3,0
1148,g826,4,0,3,4,3,0
1149,g827,4,0,3,3,3,0
1150,g828,4,0,3,4,3,0
1151,g829,4,0,3,4,3,0
1152,g830,4,0,3,3,3,0
1153,g831,3,2,2,3,12,0
1154,g832,4,0,3,3,3,0
1155,g833,4,0,3,4,3,0
1156,g834,4,0,3,4,3,0
1157,g835,4,0,3,4,3,0
1158,g836,4,0,3,4,3,0
1159,g837,4,0,3,4,3,0
1160,g838,4,0,3,4,3,0
1161,g839,4,0,3,4,3,0
1162,g840,4,0,3,4,3,0
1163,g841,4,0,3,3,3,0
1164,g842,4,0,3,4,3,0
1165,g843,4,0,3,4,3,0
1166,g844,4,0,3,4,3,0
1167,g845,4,0,3,4,3,0
1168,g846,4,0,3,4,3,0
1169,g847,4,0,3,4,3,0
1170,g848,4,0,3,4,3,0
1171,g849,4,0,3,4,3,0
1172,g850,4,0,3,4,3,0
1173,g851,4,0,3,3,3,0
1174,g852,4,0,3,4,3,0
1175,g853,4,0,3,4,3,0
1176,g854,4,0,3,4,3,0
1177,g855,4,0,3,4,3,0
1178,g856,4,0,3,4,3,0
1179,g857,4,0,3,4,3,0
1180,g858,4,0,3,4,3,0
1181,g859,4,0,3,4,3,0
1182,g860,4,0,3,4,3,0
1183,g861,4,0,3,4,3,0
1184,g862,4,0,3,4,3,0
1185,g863,4,0,3,4,3,0
1186,g864,4,0,3,4,3,0
1187,g865,4,0,3,4,3,0
1188,g866,4,0,3,3,3,0
1189,g867,4,0,3,3,3,0
1190,g868,4,0,3,4,3,0
1191,g869,4,0,3,4,3,0
1192,g870,4,0,3,4,3,0
1193,g871,4,0,3,4,3,0
1194,g872,4,0,3,4,3,0
1195,g873,4,0,3,3,3,0
1196,g874,4,0,3,4,3,0
1197,g875,4,0,3,4,3,0
1198,g876,4,0,3,4,3,0
1199,g877,4,0,3,4,3,0
1200,g878,4,0,3,4,3,0
1201,g879,4,0,3,4,3,0
1202,g880,4,0,3,4,3,0
1203,g881,4,0,3,4,3,0
1204,g882,4,0,3,4,3,0
1205,g883,4,0,3,4,3,0
1206,g884,4,0,3,4,3,0
1207,g885,4,0,3,3,3,0
1208,g886,4,0,3,4,3,0
1209,g887,4,0,3,4,3,0
1210,g888,4,0,3,4,3,0
1211,g889,4,0,3,4,3,0
1212,g890,4,0,3,3,3,0
1213,g891,4,0,3,3,3,0
1214,g892,4,0,3,4,3,0
1215,g893,4,0,3,4,3,0
1216,g894,4,0,3,4,3,0
1217,g895,4,0,3,4,3,0
1218,g896,4,0,3,4,3,0
1219,g897,4,0,3,4,3,0
1220,g898,4,0,3,4,3,0
1221,g899,4,0,3,4,3,0
1222,g900,4,0,3,4,3,0
1223,g901,4,0,3,4,3,0
1224,g902,4,0,3,4,3,0
1225,g903,4,0,3,3,3,0
1226,g904,4,0,3,4,3,0
1227,g905,4,0,3,4,3,0
1228,g906,4,0,3,4,3,0
1229,g907,4,0,3,4,3,0
1230,g908,4,0,3,4,3,0
1231,g909,4,0,3,4,3,0
1232,g910,4,0,3,4,3,0
1233,g911,4,0,3,4,3,0
1234,g912,4,0,3,4,3,0
1235,g913,4,0,3,3,3,0
1236,g914,4,0,3,3,3,0
1237,g915,4,0,3,4,3,0
1238,g916,4,0,3,4,3,0
1239,g917,4,0,3,4,3,0
1240,g918,4,0,3,4,3,0
1241,g919,4,0,3,4,3,0
1242,g920,4,0,3,4,3,0
1243,g921,4,0,3,4,3,0
1244,g922,4,0,3,4,3,0
1245,g923,4,0,3,4,3,0
1246,g924,4,0,3,4,3,0
1247,g925,4,0,3,4,3,0
1248,g926,4,0,3,4,3,0
1249,g927,4,0,3,3,3,0
1250,g928,4,0,3,4,3,0
1251,g929,4,0,3,4,3,0
1252,g930,4,0,3,3,3,0
1253,g931,4,0,3,4,3,0
1254,g932,4,0,3,4,3,0
1255,g933,4,0,3,4,3,0
1256,g934,4,0,3,4,3,0
1257,g935,4,0,3,3,3,0
1258,g936,4,0,3,4,3,0
1259,g937,4,0,3,4,3,0
1260,g938,4,0,3,3,3,0
1261,g939,4,0,3,3,3,0
1262,g940,4,0,3,4,3,0
1263,g941,4,0,3,4,3,0
1264,g942,4,0,3,4,3,0
1265,g943,4,0,3,3,3,0
1266,g944,4,0,3,4,3,0
1267,g945,4,0,3,4,3,0
1268,g946,4,1,2,3,4,0
1269,g947,4,1,2,3,4,0
1270,g948,4,1,2,3,4,0
1271,g949,4,1,2,3,4,0
1272,g950,4,1,2,3,4,0
1273,g951,4,1,2,3,4,0
1274,g952,4,1,2,3,4,0
1275,g953,4,1,2,3,4,0
1276,g954,4,1,2,3,4,0
1277,g955,4,1,2,3,4,0
1278,g956,4,1,2,3,4,0
1279,g957,4,1,2,3,4,0
1280,g958,4,1,2,3,4,0
1281,g959,4,1,2,3,4,0
1282,g960,4,1,2,3,4,0
1283,g961,4,1,2,3,4,0
1284,g962,4,1,2,3,4,0
1285,g963,4,1,2,3,4,0
1286,g964,4,1,2,3,4,0
1287,g965,4,1,2,3,4,0
1288,g966,4,1,2,3,4,0
1289,g967,4,1,2,3,4,0
1290,g968,4,1,2,3,4,0
1291,g969,4,1,2,3,4,0
1292,g970,4,1,2,3,4,0
1293,g971,4,1,2,3,4,0
1294,g972,4,1,2,3,4,0
1295,g973,4,1,2,3,4,0
1296,g974,4,1,2,3,4,0
1297,g975,4,1,2,3,4,0
1298,g976,4,1,2,3,4,0
1299,g977,4,1,2,3,4,0
1300,g978,4,1,2,3,4,0
1301,g979,4,1,2,3,4,0
1302,g980,4,1,2,3,4,0
1303,g981,4,1,2,3,4,0
1304,g982,4,1,2,3,4,0
1305,g983,4,1,2,3,4,0
1306,g984,4,1,2,3,4,0
1307,g985,4,1,2,3,4,0
1308,g986,4,1,2,3,4,0
1309,g987,4,1,2,3,4,0
1310,g988,4,1,2,3,4,0
1311,g989,4,1,2,3,4,0
1312,g990,4,1,2,3,4,0
1313,g991,4,1,2,3,4,0
1314,g992,4,1,2,3,4,0
1315,g993,4,1,2,3,4,0
1316,g994,4,1,2,3,4,0
1317,g995,4,1,2,3,4,0
1318,g996,4,1,2,3,4,0
1319,g997,4,1,2,3,4,0
1320,g998,4,1,2,3,4,0
1321,g999,4,1,2,3,4,0
1322,g1000,4,1,2,3,4,0
1323,g1001,4,1,2,3,4,0
1324,g1002,4,1,2,3,4,0
1325,g1003,4,1,2,3,4,0
1326,g1004,4,1,2,3,4,0
1327,g1005,4,1,2,3,4,0
1328,g1006,4,1,2,3,4,0
1329,g1007,4,1,2,3,4,0
1330,g1008,4,1,2,3,4,0
1331,g1009,4,1,2,3,4,0
1332,g1010,4,1,2,3,4,0
1333,g1011,4,1,2,3,4,0
1334,g1012,4,1,2,3,4,0
1335,g1013,4,1,2,3,4,0
1336,g1014,4,1,2,3,4,0
1337,g1015,4,1,2,3,4,0
1338,g1016,4,1,2,3,4,0
1339,g1017,4,1,2,3,4,0
1340,g1018,4,1,2,3,4,0
1341,g1019,4,1,2,3,4,0
1342,g1020,4,1,2,3,4,0
1343,g1021,4,1,2,3,4,0
1344,g1022,4,1,2,3,4,0
1345,g1023,4,1,2,3,4,0
1346,g1024,4,1,2,3,4,0
1347,g1025,4,1,2,3,4,0
1348,g1026,4,1,2,3,4,0
1349,g1027,4,1,2,3,4,0
1350,g1028,4,1,2,3,4,0
1351,g1029,4,1,2,3,4,0
1352,g1030,4,1,2,3,4,0
1353,g1031,4,1,2,3,4,0
1354,g1032,4,1,2,3,4,0
1355,g1033,4,1,2,3,4,0
1356,g1034,4,1,2,3,4,0
1357,g1035,4,1,2,3,4,0
1358,g1036,4,1,2,3,4,0
1359,g1037,4,1,2,3,4,0
1360,g1038,4,1,2,3,4,0
1361,g1039,4,1,2,3,4,0
1362,g1040,4,1,2,3,4,0
1363,g1041,4,1,2,3,4,0
1364,g1042,4,1,2,3,4,0
1365,g1043,4,1,2,3,4,0
1366,g1044,2,2,4,1,8,0
1367,g1045,4,1,2,3,4,0
1368,g1046,4,1,2,3,4,0
1369,g1047,4,1,2,3,4,0
1370,g1048,4,1,2,3,4,0
1371,g1049,4,1,2,3,4,0
1372,g1050,4,1,2,3,4,0
1373,g1051,4,1,2,3,4,0
1374,g1052,4,1,2,3,4,0
1375,g1053,4,1,2,3,4,0
1376,g1054,4,1,2,3,4,0
1377,g1055,4,1,2,3,4,0
1378,g1056,4,1,2,3,4,0
1379,g1057,4,1,2,3,4,0
1380,g1058,4,1,2,3,4,0
1381,g1059,4,1,2,3,4,0
1382,g1060,4,1,2,3,4,0
1383,g1061,4,1,2,3,4,0
1384,g1062,4,1,2,3,4,0
1385,g1063,4,1,2,3,4,0
1386,g1064,4,1,2,3,4,0
1387,g1065,4,1,2,3,4,0
1388,g1066,4,1,2,3,4,0
1389,g1067,4,1,2,3,4,0
1390,g1068,4,1,2,3,4,0
1391,g1069,4,1,2,3,4,0
1392,g1070,4,1,2,3,4,0
1393,g1071,4,1,2,3,4,0
1394,g1072,4,1,2,3,4,0
1395,g1073,4,1,2,3,4,0
1396,g1074,4,1,2,3,4,0
1397,g1075,4,1,2,3,4,0
1398,g1076,4,1,2,3,4,0
1399,g1077,4,1,2,3,4,0
1400,g1078,4,1,2,3,4,0
1401,g1079,4,1,2,3,4,0
1402,g1080,4,1,2,3,4,0
1403,g1081,4,1,2,3,4,0
1404,g1082,4,1,2,3,4,0
1405,g1083,4,1,2,3,4,0
1406,g1084,4,1,2,3,4,0
1407,g1085,4,1,2,3,4,0
1408,g1086,4,1,2,3,4,0
1409,g1087,4,1,2,3,4,0
1410,g1088,4,1,2,3,4,0
1411,g1089,4,1,2,3,4,0
1412,g1090,4,1,2,3,4,0
1413,g1091,4,1,2,3,4,0
1414,g1092,4,1,2,3,4,0
1415,g1093,4,1,2,3,4,0
1416,g1094,4,1,2,3,4,0
1417,g1095,4,1,2,3,4,0
1418,g1096,4,1,2,3,4,0
1419,g1097,4,1,2,3,4,0
1420,g1098,4,1,2,3,4,0
1421,g1099,4,1,2,3,4,0
1422,g1100,4,1,2,3,4,0
1423,g1101,4,1,2,3,4,0
1424,g1102,4,1,2,3,4,0
1425,g1103,4,1,2,3,4,0
1426,g1104,4,1,2,3,4,0
1427,g1105,4,1,2,3,4,0
1428,g1106,4,1,2,3,4,0
1429,g1107,4,1,2,3,4,0
1430,g1108,4,1,2,3,4,0
1431,g1109,4,1,2,3,4,0
1432,g1110,4,1,2,3,4,0
1433,g1111,4,1,2,3,4,0
1434,g1112,4,1,2,3,4,0
1435,g1113,4,1,2,3,4,0
1436,g1114,4,1,2,3,4,0
1437,g1115,4,1,2,3,4,0
1438,g1116,4,1,2,3,4,0
1439,g1117,4,1,2,3,4,0
1440,g1118,4,1,2,3,4,0
1441,g1119,4,1,2,3,4,0
1442,g1120,4,1,2,3,4,0
1443,g1121,4,1,2,3,4,0
1444,g1122,4,1,2,3,4,0
1445,g1123,4,1,2,3,4,0
1446,g1124,4,1,2,3,4,0
1447,g1125,4,1,2,3,4,0
1448,g1126,4,1,2,3,4,0
1449,g1127,4,1,2,3,4,0
1450,g1128,4,1,2,3,4,0
1451,g1129,4,1,2,3,4,0
1452,g1130,4,1,2,3,4,0
1453,g1131,4,1,2,3,4,0
1454,g1132,4,1,2,3,4,0
1455,g1133,4,1,2,3,4,0
1456,g1134,4,1,2,3,4,0
1457,g1135,4,1,2,3,4,0
1458,g1136,4,1,2,3,4,0
1459,g1137,4,1,2,3,4,0
1460,g1138,4,1,2,3,4,0
1461,g1139,6,3,1,2,13,0
1462,g1140,3,0,2,1,12,0
1463,g1141,3,0,4,1,12,0
1464,g1142,3,0,4,1,12,0
1465,g1143,3,2,3,1,8,0
1466,g1144,2,1,6,4,4,0
1467,g1145,2,1,6,4,4,0
1468,g1146,2,1,6,4,4,0
1469,g1147,2,1,6,4,4,0
1470,g1148,2,1,6,4,4,0
1471,g1149,2,1,6,4,4,0
1472,g1150,2,1,6,4,4,0
1473,g1151,3,1,4,2,4,0
1474,g1152,2,1,6,4,4,0
1475,g1153,2,1,6,4,4,0
1476,g1154,2,1,6,4,4,0
1477,g1155,2,1,6,4,4,0
1478,g1156,2,1,6,4,4,0
1479,g1157,2,1,6,4,4,0
1480,g1158,2,1,6,4,4,0
1481,g1159,2,1,6,4,4,0
1482,g1160,3,1,4,2,4,0
1483,g1161,3,1,4,2,4,0
1484,g1162,2,1,6,4,4,0
1485,g1163,3,1,4,2,4,0
1486,g1164,3,1,4,2,4,0
1487,g1165,2,1,6,4,4,0
1488,g1166,2,1,6,4,4,0
1489,g1167,3,1,4,2,4,0
1490,g1168,2,1,6,4,4,0
1491,g1169,3,1,4,2,4,0
1492,g1170,3,1,4,2,4,0
1493,g1171,3,1,4,2,4,0
1494,g1172,3,1,4,2,4,0
1495,g1173,3,1,4,2,4,0
1496,g1174,3,1,4,2,4,0
1497,g1175,2,1,5,4,4,0
1498,g1176,2,1,6,4,4,0
1499,g1177,2,1,6,4,4,0
1500,g1178,3,1,4,2,4,0
1501,g1179,2,1,6,4,4,0
1502,g1180,2,1,6,4,4,0
1503,g1181,3,1,4,2,4,0
1504,g1182,3,1,4,2,4,0
1505,g1183,2,1,6,4,4,0
1506,g1184,2,1,6,4,4,0
1507,g1185,2,1,6,4,4,0
1508,g1186,2,1,6,4,4,0
1509,g1187,2,1,6,4,4,0
1510,g1188,2,1,6,4,4,0
1511,g1189,2,1,6,4,4,0
1512,g1190,2,1,6,4,4,0
1513,g1191,2,1,6,4,4,0
1514,g1192,3,1,4,2,4,0
1515,g1193,2,1,6,4,4,0
1516,g1194,2,1,6,4,4,0
1517,g1195,3,1,4,2,4,0
1518,g1196,3,1,4,2,4,0
1519,g1197,3,1,4,2,4,0
1520,g1198,3,1,4,2,4,0
1521,g1199,3,1,4,2,4,0
1522,g1200,2,1,6,4,4,0
1523,g1201,2,1,6,4,4,0
1524,g1202,3,1,4,2,4,0
1525,g1203,2,1,6,4,4,0
1526,g1204,2,1,6,4,4,0
1527,g1205,2,1,6,4,4,0
1528,g1206,2,1,6,4,4,0
1529,g1207,2,1,6,4,4,0
1530,g1208,3,1,4,2,4,0
1531,g1209,2,1,6,4,4,0
1532,g1210,2,1,6,4,4,0
1533,g1211,2,1,6,4,4,0
1534,g1212,2,1,6,4,4,0
1535,g1213,2,1,6,4,4,0
1536,g1214,2,1,6,4,4,0
1537,g1215,2,1,6,4,4,0
1538,g1216,2,1,6,4,4,0
1539,g1217,2,1,6,4,4,0
1540,g1218,2,1,6,4,4,0
1541,g1219,2,1,6,4,4,0
1542,g1220,2,1,6,4,4,0
1543,g1221,2,1,6,4,4,0
1544,g1222,2,1,6,4,4,0
1545,g1223,2,1,6,4,4,0
1546,g1224,2,1,6,4,4,0
1547,g1225,2,1,6,4,4,0
1548,g1226,2,1,6,4,4,0
1549,g1227,2,1,6,4,4,0
1550,g1228,2,1,6,4,4,0
1551,g1229,2,1,6,4,4,0
1552,g1230,2,1,6,4,4,0
1553,g1231,2,1,6,4,4,0
1554,g1232,2,1,6,4,4,0
1555,g1233,2,1,6,4,4,0
1556,g1234,2,1,6,4,4,0
1557,g1235,2,1,6,4,4,0
1558,g1236,2,1,6,4,4,0
1559,g1237,2,1,6,4,4,0
1560,g1238,2,1,6,4,4,0
1561,g1239,2,1,6,4,4,0
1562,g1240,2,1,6,4,4,0
1563,g1241,2,1,6,4,4,0
1564,g1242,3,1,4,2,4,0
1565,g1243,2,1,6,4,4,0
1566,g1244,2,1,6,4,4,0
1567,g1245,2,1,6,4,4,0
1568,g1246,2,1,6,4,4,0
1569,g1247,2,1,5,4,4,0
1570,g1248,2,1,6,4,4,0
1571,g1249,2,1,6,4,4,0
1572,g1250,2,3,3,4,9,0
1573,g1251,6,1,1,2,13,0
1574,g1252,2,1,6,4,4,0
1575,g1253,2,1,6,4,4,0
1576,g1254,2,1,6,4,4,0
1577,g1255,3,1,4,2,4,0
1578,g1256,2,1,6,4,4,0
1579,g1257,3,1,4,2,4,0
1580,g1258,3,1,4,2,4,0
1581,g1259,2,1,6,4,4,0
1582,g1260,2,1,6,4,4,0
1583,g1261,2,1,6,4,4,0
1584,g1262,2,1,6,4,4,0
1585,g1263,2,1,6,4,4,0
1586,g1264,2,1,6,4,4,0
1587,g1265,2,1,6,4,4,0
1588,g1266,3,1,4,2,4,0
1589,g1267,2,1,6,4,4,0
1590,g1268,3,1,4,2,4,0
1591,g1269,2,1,6,4,4,0
1592,g1270,2,1,6,4,4,0
1593,g1271,3,1,4,2,4,0
1594,g1272,2,1,6,4,4,0
1595,g1273,2,1,6,4,4,0
1596,g1274,2,1,6,4,4,0
1597,g1275,3,1,4,2,4,0
1598,g1276,3,1,4,2,4,0
1599,g1277,2,1,6,4,4,0
1600,g1278,2,1,4,4,4,0
1601,g1279,2,1,5,4,4,0
1602,g1280,2,1,6,4,4,0
1603,g1281,2,1,6,4,4,0
1604,g1282,2,1,6,4,4,0
1605,g1283,2,1,6,4,4,0
1606,g1284,2,1,6,4,4,0
1607,g1285,2,1,6,4,4,0
1608,g1286,2,1,6,4,4,0
1609,g1287,2,1,6,4,4,0
1610,g1288,2,1,6,4,4,0
1611,g1289,2,1,6,4,4,0
1612,g1290,2,1,6,4,4,0
1613,g1291,3,1,4,2,4,0
1614,g1292,2,1,6,4,4,0
1615,g1293,2,1,6,4,4,0
1616,g1294,2,1,6,4,4,0
1617,g1295,2,1,6,4,4,0
1618,g1296,2,1,4,4,4,0
1619,g1297,2,1,6,4,4,0
1620,g1298,2,1,6,4,4,0
1621,g1299,2,1,6,4,4,0
1622,g1300,2,1,6,4,4,0
1623,g1301,2,1,5,4,4,0
1624,g1302,2,1,6,4,4,0
1625,g1303,3,1,4,2,4,0
1626,g1304,3,1,4,2,4,0
1627,g1305,2,1,6,4,4,0
1628,g1306,2,1,6,4,4,0
1629,g1307,2,1,6,4,4,0
1630,g1308,2,1,6,4,4,0
1631,g1309,2,1,6,4,4,0
1632,g1310,2,1,6,4,4,0
1633,g1311,2,1,6,4,4,0
1634,g1312,2,1,6,4,4,0
1635,g1313,2,1,6,4,4,0
1636,g1314,2,1,6,4,4,0
1637,g1315,2,1,6,4,4,0
1638,g1316,2,1,6,4,4,0
1639,g1317,3,1,4,2,4,0
1640,g1318,2,1,6,4,4,0
1641,g1319,2,1,6,4,4,0
1642,g1320,2,1,6,4,4,0
1643,g1321,3,1,4,2,4,0
1644,g1322,2,1,6,4,4,0
1645,g1323,2,1,6,4,4,0
1646,g1324,2,1,6,4,4,0
1647,g1325,2,1,6,4,4,0
1648,g1326,2,1,6,4,4,0
1649,g1327,2,1,6,4,4,0
1650,g1328,3,1,4,2,4,0
1651,g1329,3,1,4,2,4,0
1652,g1330,2,1,6,4,4,0
1653,g1331,2,1,6,4,4,0
1654,g1332,2,1,6,4,4,0
1655,g1333,3,1,4,2,4,0
1656,g1334,2,1,6,4,4,0
1657,g1335,2,1,6,4,4,0
1658,g1336,2,1,4,4,4,0
1659,g1337,4,4,4,5,14,0
1660,g1338,4,1,3,4,13,0
1661,g1339,4,1,3,4,13,0
1662,g1340,3,1,2,3,4,0
1663,g1341,4,3,2,3,9,0
1664,g1342,4,2,2,2,5,0
1665,g1343,4,2,2,2,5,0
1666,g1344,4,2,2,2,5,0
1667,g1345,4,2,2,2,5,0
1668,g1346,4,2,2,2,5,0
1669,g1347,4,2,2,2,5,0
1670,g1348,4,2,2,2,5,0
1671,g1349,4,2,2,2,5,0
1672,g1350,4,2,2,2,5,0
1673,g1351,4,2,2,2,5,0
1674,g1352,4,2,2,2,5,0
1675,g1353,4,2,2,2,5,0
1676,g1354,4,2,2,2,5,0
1677,g1355,4,2,2,2,5,0
1678,g1356,4,2,2,2,5,0
1679,g1357,4,2,2,2,5,0
1680,g1358,1,2,5,3,5,0
1681,g1359,1,2,5,3,5,0
1682,g1360,2,3,4,2,6,0
1683,g1361,1,2,5,3,5,0
1684,g1362,1,2,5,3,5,0
1685,g1363,1,2,5,3,5,0
1686,g1364,6,2,1,2,5,0
1687,g1365,2,2,3,4,14,0
1688,g1366,3,2,2,3,14,0
1689,g1367,3,2,2,3,14,0
1690,g1368,4,5,3,4,15,0
1691,g1369,4,5,3,4,15,0
1692,g1370,2,2,3,4,14,0
1693,g1371,5,4,1,2,10,0
1694,g1372,6,2,1,2,5,0
1695,g1373,6,2,1,2,5,0
1696,g1374,6,2,1,2,5,0
1697,g1375,6,2,1,2,5,0
1698,g1376,6,2,1,2,5,0
1699,g1377,6,2,1,2,5,0
1700,g1378,6,2,1,2,5,0
1701,g1379,6,2,1,2,5,0
1702,g1380,6,2,1,2,5,0
1703,g1381,6,2,1,2,5,0
1704,g1382,6,2,1,2,5,0
1705,g1383,6,2,1,2,5,0
1706,g1384,6,2,1,2,5,0
1707,g1385,6,2,1,2,5,0
1708,g1386,6,2,1,2,5,0
1709,g1387,6,2,1,2,5,0
1710,g1388,6,2,1,2,5,0
1711,g1389,6,2,1,2,5,0
1712,g1390,6,2,1,2,5,0
1713,g1391,6,2,1,2,5,0
1714,g1392,6,2,1,2,5,0
1715,g1393,6,2,1,2,5,0
1716,g1394,6,2,1,2,5,0
1717,g1395,6,2,1,2,5,0
1718,g1396,6,2,1,2,5,0
1719,g1397,6,2,1,2,5,0
1720,g1398,6,2,1,2,5,0
1721,g1399,6,2,1,2,5,0
1722,g1400,6,2,1,2,5,0
1723,g1401,6,2,1,2,5,0
1724,g1402,6,2,1,2,5,0
1725,g1403,6,2,1,2,5,0
1726,g1404,6,2,1,2,5,0
1727,g1405,6,2,1,2,5,0
1728,g1406,6,2,1,2,5,0
1729,g1407,6,2,1,2,5,0
1730,g1408,6,2,1,2,5,0
1731,g1409,6,2,1,2,5,0
1732,g1410,6,2,1,2,5,0
1733,g1411,6,2,1,2,5,0
1734,g1412,6,2,1,2,5,0
1735,g1413,6,2,1,2,5,0
1736,g1414,6,2,1,2,5,0
1737,g1415,6,2,1,2,5,0
1738,g1416,6,2,1,2,5,0
1739,g1417,6,2,1,2,5,0
1740,g1418,6,2,1,2,5,0
1741,g1419,6,2,1,2,5,0
1742,g1420,6,2,1,2,5,0
1743,g1421,6,2,1,2,5,0
1744,g1422,6,2,1,2,5,0
1745,g1423,6,2,1,2,5,0
1746,g1424,6,2,1,2,5,0
1747,g1425,6,2,1,2,5,0
1748,g1426,6,2,1,2,5,0
1749,g1427,6,2,1,2,5,0
1750,g1428,6,2,1,2,5,0
1751,g1429,6,2,1,2,5,0
1752,g1430,6,2,1,2,5,0
1753,g1431,6,2,1,2,5,0
1754,g1432,6,2,1,2,5,0
1755,g1433,6,2,1,2,5,0
1756,g1434,6,2,1,2,5,0
1757,g1435,6,2,1,2,5,0
1758,g1436,6,2,1,2,5,0
1759,g1437,6,2,1,2,5,0
1760,g1438,6,2,1,2,5,0
1761,g1439,6,2,1,2,5,0
1762,g1440,6,2,1,2,5,0
1763,g1441,6,2,1,2,5,0
1764,g1442,6,2,1,2,5,0
1765,g1443,6,2,1,2,5,0
1766,g1444,6,2,1,2,5,0
1767,g1445,6,2,1,2,5,0
1768,g1446,6,2,1,2,5,0
1769,g1447,6,2,1,2,5,0
1770,g1448,6,2,1,2,5,0
1771,g1449,6,2,1,2,5,0
1772,g1450,6,2,1,2,5,0
1773,g1451,6,2,1,2,5,0
1774,g1452,6,2,1,2,5,0
1775,g1453,6,2,1,2,5,0
1776,g1454,6,2,1,2,5,0
1777,g1455,6,2,1,2,5,0
1778,g1456,6,2,1,2,5,0
1779,g1457,6,2,1,2,5,0
1780,g1458,6,2,1,2,5,0
1781,g1459,6,2,1,2,5,0
1782,g1460,6,2,1,2,5,0
1783,g1461,6,2,1,2,5,0
1784,g1462,3,3,2,1,6,0
1785,g1463,2,2,3,1,5,0
1786,g1464,6,2,1,2,5,0
1787,g1465,6,2,1,2,5,0
1788,g1466,6,2,1,2,5,0
1789,g1467,6,2,1,2,5,0
1790,g1468,6,2,1,2,5,0
1791,g1469,6,2,1,2,5,0
1792,g1470,6,2,1,2,5,0
1793,g1471,6,2,1,2,5,0
1794,g1472,6,2,1,2,5,0
1795,g1473,6,2,1,2,5,0
1796,g1474,6,2,1,2,5,0
1797,g1475,6,2,1,2,5,0
1798,g1476,6,2,1,2,5,0
1799,g1477,6,2,1,2,5,0
1800,g1478,6,2,1,2,5,0
1801,g1479,6,2,1,2,5,0
1802,g1480,6,2,1,2,5,0
1803,g1481,6,2,1,2,5,0
1804,g1482,6,2,1,2,5,0
1805,g1483,6,2,1,2,5,0
1806,g1484,6,2,1,2,5,0
1807,g1485,6,2,1,2,5,0
1808,g1486,6,2,1,2,5,0
1809,g1487,6,2,1,2,5,0
1810,g1488,6,2,1,2,5,0
1811,g1489,6,2,1,2,5,0
1812,g1490,6,2,1,2,5,0
1813,g1491,6,2,1,2,5,0
1814,g1492,6,2,1,2,5,0
1815,g1493,6,2,1,2,5,0
1816,g1494,6,2,1,2,5,0
1817,g1495,6,2,1,2,5,0
1818,g1496,6,2,1,2,5,0
1819,g1497,6,2,1,2,5,0
1820,g1498,6,2,1,2,5,0
1821,g1499,6,2,1,2,5,0
1822,g1500,6,2,1,2,5,0
1823,g1501,6,2,1,2,5,0
1824,g1502,6,2,1,2,5,0
1825,g1503,6,2,1,2,5,0
1826,g1504,6,2,1,2,5,0
1827,g1505,6,2,1,2,5,0
1828,g1506,6,2,1,2,5,0
1829,g1507,6,2,1,2,5,0
1830,g1508,6,2,1,2,5,0
1831,g1509,6,2,1,2,5,0
1832,g1510,6,2,1,2,5,0
1833,g1511,6,2,1,2,5,0
1834,g1512,6,2,1,2,5,0
1835,g1513,6,2,1,2,5,0
1836,g1514,6,2,1,2,5,0
1837,g1515,6,2,1,2,5,0
1838,g1516,6,2,1,2,5,0
1839,g1517,6,2,1,2,5,0
1840,g1518,6,2,1,2,5,0
1841,g1519,6,2,1,2,5,0
1842,g1520,6,2,1,2,5,0
1843,g1521,6,2,1,2,5,0
1844,g1522,6,2,1,2,5,0
1845,g1523,6,2,1,2,5,0
1846,g1524,6,2,1,2,5,0
1847,g1525,6,2,1,2,5,0
1848,g1526,6,2,1,2,5,0
1849,g1527,6,2,1,2,5,0
1850,g1528,6,2,1,2,5,0
1851,g1529,6,2,1,2,5,0
1852,g1530,6,2,1,2,5,0
1853,g1531,6,2,1,2,5,0
1854,g1532,6,2,1,2,5,0
1855,g1533,6,2,1,2,5,0
1856,g1534,6,2,1,2,5,0
1857,g1535,6,2,1,2,5,0
1858,g1536,6,2,1,2,5,0
1859,g1537,6,2,1,2,5,0
1860,g1538,6,2,1,2,5,0
1861,g1539,6,2,1,2,5,0
1862,g1540,6,2,1,2,5,0
1863,g1541,6,2,1,2,5,0
1864,g1542,6,2,1,2,5,0
1865,g1543,6,2,1,2,5,0
1866,g1544,6,2,1,2,5,0
1867,g1545,6,2,1,2,5,0
1868,g1546,6,2,1,2,5,0
1869,g1547,6,2,1,2,5,0
1870,g1548,6,2,1,2,5,0
1871,g1549,6,2,1,2,5,0
1872,g1550,6,2,1,2,5,0
1873,g1551,6,2,1,2,5,0
1874,g1552,6,2,1,2,5,0
1875,g1553,6,2,1,2,5,0
1876,g1554,6,2,1,2,5,0
1877,g1555,6,2,1,2,5,0
1878,g1556,6,2,1,2,5,0
1879,g1557,6,2,1,2,5,0
1880,g1558,6,2,1,2,5,0
1881,g1559,6,2,1,2,5,0
1882,g1560,6,2,1,2,5,0
1883,g1561,6,2,1,2,5,0
1884,g1562,6,2,1,2,5,0
1885,g1563,6,2,1,2,5,0
1886,g1564,6,2,1,2,5,0
1887,g1565,4,6,2,3,16,0
1888,g1566,4,6,2,3,16,0
1889,g1567,4,6,2,3,16,0
1890,g1568,3,3,2,3,6,0
1891,g1569,3,3,2,3,6,0
1892,g1570,3,3,2,3,6,0
1893,g1571,3,3,2,3,6,0
1894,g1572,3,3,2,3,6,0
1895,g1573,3,3,2,3,6,0
1896,g1574,3,3,2,3,6,0
1897,g1575,3,3,2,3,6,0
1898,g1576,3,3,2,3,6,0
1899,g1577,3,3,2,3,6,0
1900,g1578,3,3,2,3,6,0
1901,g1579,3,3,2,3,6,0
1902,g1580,3,3,2,3,6,0
1903,g1581,3,3,2,3,6,0
1904,g1582,3,3,2,3,6,0
1905,g1583,3,3,2,3,6,0
1906,g1584,2,3,2,3,6,0
1907,g1585,2,3,2,3,11,0
1908,g1586,4,6,2,3,16,0
1909,g1587,6,2,1,2,5,0
1910,g1588,6,3,1,2,6,0
1911,g1589,6,3,1,2,6,0
1912,g1590,6,3,1,2,6,0
1913,g1591,6,3,1,2,6,0
1914,g1592,6,3,1,2,6,0
1915,g1593,6,3,1,2,6,0
1916,g1594,6,3,1,2,6,0
1917,g1595,6,3,1,2,6,0
1918,g1596,6,3,1,2,6,0
1919,g1597,6,3,1,2,6,0
1920,g1598,6,3,1,2,6,0
1921,g1599,6,3,1,2,6,0
1922,g1600,6,3,1,2,6,0
1923,g1601,6,3,1,2,6,0
1924,g1602,6,3,1,2,6,0
1925,g1603,6,3,1,2,6,0
1926,g1604,6,2,1,2,7,0
1927,g1605,6,2,1,2,12,0
1928,g1606,8,4,1,2,10,0
1929,g1607,8,7,1,2,17,0
1930,g1608,8,7,1,2,17,0
1931,g1609,8,7,1,2,17,0
1932,g1610,5,3,1,2,7,0
1933,g1611,8,7,1,2,17,0
1934,g1612,8,7,1,2,17,0
1935,g1613,8,7,1,2,17,0
1936,g1614,8,7,1,2,17,0
1937,g1615,8,7,1,2,17,0
1938,g1616,8,2,1,2,12,0
1939,g1617,4,3,1,2,15,0
1940,g1618,4,4,1,2,8,0
1941,g1619,4,3,1,2,15,0
1942,g1620,4,2,1,2,7,0
1943,g1621,4,2,1,2,7,0
1944,g1622,4,2,1,2,7,0
1945,g1623,4,2,1,2,7,0
1946,g1624,4,2,1,2,7,0
1947,g1625,4,2,1,2,7,0
1948,g1626,4,2,1,2,7,0
1949,g1627,4,2,1,2,7,0
1950,g1628,4,2,1,2,7,0
1951,g1629,4,2,1,2,7,0
1952,g1630,4,3,1,2,12,0
1953,g1631,4,2,1,2,7,0
1954,g1632,4,2,1,2,7,0
1955,g1633,4,2,1,2,7,0
1956,g1634,4,2,1,2,7,0
1957,g1635,4,2,1,2,7,0
1958,g1636,4,2,1,2,7,0
1959,g1637,2,2,5,6,5,0
1960,g1638,2,2,5,6,5,0
1961,g1639,2,2,5,4,5,0
1962,g1640,2,2,5,6,5,0
1963,g1641,2,2,5,4,5,0
1964,g1642,2,2,5,4,5,0
1965,g1643,2,2,5,6,5,0
1966,g1644,2,2,5,6,5,0
1967,g1645,2,2,5,4,5,0
1968,g1646,2,2,5,4,5,0
1969,g1647,2,2,5,6,5,0
1970,g1648,2,2,3,4,5,0
1971,g1649,2,2,5,4,5,0
1972,g1650,2,2,5,4,5,0
1973,g1651,2,2,5,4,5,0
1974,g1652,2,2,5,6,5,0
1975,g1653,2,2,5,4,5,0
1976,g1654,2,2,5,6,5,0
1977,g1655,2,2,5,4,5,0
1978,g1656,2,2,5,6,5,0
1979,g1657,2,2,5,4,5,0
1980,g1658,2,2,5,6,5,0
1981,g1659,2,2,5,4,5,0
1982,g1660,2,2,5,6,5,0
1983,g1661,2,2,5,6,5,0
1984,g1662,2,2,5,4,5,0
1985,g1663,2,2,5,6,5,0
1986,g1664,2,2,5,6,5,0
1987,g1665,2,2,3,4,5,0
1988,g1666,2,2,5,4,5,0
1989,g1667,2,2,5,4,5,0
1990,g1668,2,2,5,4,5,0
1991,g1669,2,2,5,4,5,0
1992,g1670,2,2,5,4,5,0
1993,g1671,2,2,5,4,5,0
1994,g1672,2,2,5,4,5,0
1995,g1673,2,2,5,4,5,0
1996,g1674,2,2,5,4,5,0
1997,g1675,2,2,5,6,5,0
1998,g1676,2,2,5,6,5,0
1999,g1677,2,2,5,4,5,0
2000,g1678,2,2,5,4,5,0
2001,g1679,2,2,5,4,5,0
2002,g1680,2,2,5,4,5,0
2003,g1681,2,2,5,4,5,0
2004,g1682,2,2,5,4,5,0
2005,g1683,2,2,5,4,5,0
2006,g1684,2,2,5,4,5,0
2007,g1685,2,2,5,6,5,0
2008,g1686,2,2,5,4,5,0
2009,g1687,2,2,5,4,5,0
2010,g1688,2,2,5,4,5,0
2011,g1689,2,2,5,6,5,0
2012,g1690,2,2,5,6,5,0
2013,g1691,2,2,5,4,5,0
2014,g1692,2,2,5,6,5,0
2015,g1693,2,2,5,4,5,0
2016,g1694,2,2,5,4,5,0
2017,g1695,2,2,5,4,5,0
2018,g1696,2,2,5,4,5,0
2019,g1697,2,2,5,4,5,0
2020,g1698,2,2,5,4,5,0
2021,g1699,2,2,5,4,5,0
2022,g1700,2,2,5,4,5,0
2023,g1701,2,2,5,4,5,0
2024,g1702,2,2,5,6,5,0
2025,g1703,2,2,5,4,5,0
2026,g1704,2,2,5,4,5,0
2027,g1705,2,2,5,4,5,0
2028,g1706,2,2,5,4,5,0
2029,g1707,2,2,5,6,5,0
2030,g1708,2,2,5,4,5,0
2031,g1709,2,2,5,4,5,0
2032,g1710,2,2,5,6,5,0
2033,g1711,2,2,5,4,5,0
2034,g1712,2,2,5,4,5,0
2035,g1713,2,2,5,4,5,0
2036,g1714,2,2,5,6,5,0
2037,g1715,2,2,5,6,5,0
2038,g1716,2,2,5,4,5,0
2039,g1717,2,2,5,4,5,0
2040,g1718,2,2,5,4,5,0
2041,g1719,2,2,5,4,5,0
2042,g1720,2,2,5,6,5,0
2043,g1721,2,2,5,4,5,0
2044,g1722,2,2,5,4,5,0
2045,g1723,2,2,5,6,5,0
2046,g1724,2,2,5,4,5,0
2047,g1725,2,2,5,4,5,0
2048,g1726,2,2,5,4,5,0
2049,g1727,2,2,4,5,5,0
2050,g1728,2,2,5,4,5,0
2051,g1729,2,2,5,4,5,0
2052,g1730,2,2,5,4,5,0
2053,g1731,2,2,5,4,5,0
2054,g1732,2,2,5,6,5,0
2055,g1733,2,2,5,6,5,0
2056,g1734,2,2,5,4,5,0
2057,g1735,2,2,5,6,5,0
2058,g1736,2,2,5,4,5,0
2059,g1737,2,2,5,4,5,0
2060,g1738,2,2,5,4,5,0
2061,g1739,2,2,5,6,5,0
2062,g1740,2,2,5,4,5,0
2063,g1741,2,2,5,4,5,0
2064,g1742,2,2,5,6,5,0
2065,g1743,2,2,5,4,5,0
2066,g1744,2,2,5,6,5,0
2067,g1745,2,2,5,4,5,0
2068,g1746,2,2,5,6,5,0
2069,g1747,2,2,5,4,5,0
2070,g1748,2,2,5,4,5,0
2071,g1749,2,2,5,6,5,0
2072,g1750,2,2,5,4,5,0
2073,g1751,2,2,5,6,5,0
2074,g1752,2,2,5,4,5,0
2075,g1753,2,2,5,4,5,0
2076,g1754,2,2,4,3,5,0
2077,g1755,2,2,5,4,5,0
2078,g1756,2,2,5,4,5,0
2079,g1757,2,2,5,6,5,0
2080,g1758,2,2,5,4,5,0
2081,g1759,2,2,5,4,5,0
2082,g1760,2,2,5,6,5,0
2083,g1761,2,2,5,4,5,0
2084,g1762,2,2,5,4,5,0
2085,g1763,2,2,5,6,5,0
2086,g1764,2,2,5,4,5,0
2087,g1765,2,2,5,6,5,0
2088,g1766,2,2,5,6,5,0
2089,g1767,2,2,5,4,5,0
2090,g1768,2,2,5,4,5,0
2091,g1769,2,2,5,4,5,0
2092,g1770,2,2,5,4,5,0
2093,g1771,2,2,5,4,5,0
2094,g1772,2,2,5,4,5,0
2095,g1773,2,2,5,4,5,0
2096,g1774,2,2,5,6,5,0
2097,g1775,2,2,5,6,5,0
2098,g1776,2,2,5,6,5,0
2099,g1777,2,2,5,6,5,0
2100,g1778,2,2,5,6,5,0
2101,g1779,2,2,5,6,5,0
2102,g1780,2,2,5,4,5,0
2103,g1781,2,2,5,4,5,0
2104,g1782,2,2,5,4,5,0
2105,g1783,2,2,5,4,5,0
2106,g1784,2,2,5,4,5,0
2107,g1785,2,2,5,4,5,0
2108,g1786,2,2,5,4,5,0
2109,g1787,2,2,5,6,5,0
2110,g1788,2,2,5,6,5,0
2111,g1789,2,2,5,4,5,0
2112,g1790,2,2,5,6,5,0
2113,g1791,2,2,5,4,5,0
2114,g1792,2,2,5,6,5,0
2115,g1793,2,2,5,4,5,0
2116,g1794,2,2,5,6,5,0
2117,g1795,2,2,5,4,5,0
2118,g1796,2,3,2,3,15,0
2119,g1797,2,3,3,4,15,0
2120,g1798,2,2,5,4,5,0
2121,g1799,2,2,5,6,5,0
2122,g1800,2,2,5,4,5,0
2123,g1801,2,2,5,4,5,0
2124,g1802,2,2,5,6,5,0
2125,g1803,2,2,5,6,5,0
2126,g1804,2,2,5,6,5,0
2127,g1805,2,2,5,4,5,0
2128,g1806,2,2,5,6,5,0
2129,g1807,2,2,5,4,5,0
2130,g1808,2,2,5,4,5,0
2131,g1809,2,2,4,4,5,0
2132,g1810,2,2,3,4,5,0
2133,g1811,2,2,4,3,5,0
2134,g1812,2,2,5,4,5,0
2135,g1813,2,2,5,4,5,0
2136,g1814,2,2,5,4,5,0
2137,g1815,2,2,5,4,5,0
2138,g1816,2,2,5,4,5,0
2139,g1817,2,2,5,4,5,0
2140,g1818,2,2,5,4,5,0
2141,g1819,2,2,4,3,5,0
2142,g1820,2,2,5,4,5,0
2143,g1821,2,2,5,6,5,0
2144,g1822,2,2,5,4,5,0
2145,g1823,2,2,5,4,5,0
2146,g1824,2,2,5,6,5,0
2147,g1825,2,2,5,4,5,0
2148,g1826,2,2,5,6,5,0
2149,g1827,2,2,5,4,5,0
2150,g1828,2,2,5,6,5,0
2151,g1829,2,2,5,4,5,0
2152,g1830,4,2,1,2,8,0
2153,g1831,4,2,1,2,8,0
2154,g1832,4,2,1,2,8,0
2155,g1833,4,2,1,2,8,0
2156,g1834,4,0,1,2,8,0
2157,g1835,4,0,1,2,8,0
2158,g1836,4,2,1,2,8,0
2159,g1837,4,2,1,2,8,0
2160,g1838,4,2,1,2,8,0
2161,g1839,4,0,1,2,8,0
2162,g1840,4,2,1,2,8,0
2163,g1841,4,0,1,2,8,0
2164,g1842,4,2,1,2,8,0
2165,g1843,4,2,1,2,8,0
2166,g1844,4,2,1,2,8,0
2167,g1845,4,0,1,2,8,0
2168,g1846,4,3,3,2,6,0
2169,g1847,4,3,4,3,6,0
2170,g1848,2,4,4,3,7,0
2171,g1849,4,4,3,2,7,0
2172,g1850,4,3,4,3,6,0
2173,g1851,2,5,5,4,8,0
2174,g1852,2,4,4,3,7,0
2175,g1853,4,4,3,2,7,0
2176,g1854,4,3,3,2,6,0
2177,g1855,2,5,5,4,8,0
2178,g1856,3,5,4,3,8,0
2179,g1857,4,4,5,4,7,0
2180,g1858,4,3,4,3,6,0
2181,g1859,4,5,4,3,8,0
2182,g1860,4,4,5,4,7,0
2183,g1861,4,3,4,3,6,0
2184,g1862,4,5,4,3,8,0
2185,g1863,4,4,5,4,7,0
2186,g1864,4,3,4,3,6,0
2187,g1865,4,5,4,3,8,0
2188,g1866,4,4,5,4,7,0
2189,g1867,4,3,4,3,6,0
2190,g1868,4,5,4,3,8,0
2191,g1869,4,4,5,4,7,0
2192,g1870,4,3,4,3,6,0
2193,g1871,4,5,4,3,8,0
2194,g1872,4,4,5,4,7,0
2195,g1873,4,3,4,3,6,0
2196,g1874,4,5,4,3,8,0
2197,g1875,4,4,5,4,7,0
2198,g1876,4,3,4,3,6,0
2199,g1877,4,5,4,3,8,0
2200,g1878,4,4,5,4,7,0
2201,g1879,4,3,4,3,6,0
2202,g1880,4,5,4,3,8,0
2203,g1881,4,4,5,4,7,0
2204,g1882,4,3,4,3,6,0
2205,g1883,4,5,4,3,8,0
2206,g1884,4,4,5,4,7,0
2207,g1885,4,3,4,3,6,0
2208,g1886,4,5,4,3,8,0
2209,g1887,4,4,5,4,7,0
2210,g1888,4,3,4,3,6,0
2211,g1889,4,5,4,3,8,0
2212,g1890,4,4,5,4,7,0
2213,g1891,4,3,4,3,6,0
2214,g1892,4,5,4,3,8,0
2215,g1893,4,4,5,4,7,0
2216,g1894,4,3,4,3,6,0
2217,g1895,4,5,4,3,8,0
2218,g1896,4,4,5,4,7,0
2219,g1897,4,3,4,3,6,0
2220,g1898,4,5,4,3,8,0
2221,g1899,4,4,5,4,7,0
2222,g1900,4,3,4,3,6,0
2223,g1901,4,5,4,3,8,0
2224,g1902,4,4,5,4,7,0
2225,g1903,4,3,4,3,6,0
2226,g1904,4,5,4,3,8,0
2227,g1905,4,4,5,4,7,0
2228,g1906,4,3,4,3,6,0
2229,g1907,4,5,4,3,8,0
2230,g1908,4,4,5,4,7,0
2231,g1909,4,3,4,3,6,0
2232,g1910,4,5,4,3,8,0
2233,g1911,4,4,5,4,7,0
2234,g1912,4,3,4,3,6,0
2235,g1913,4,5,4,3,8,0
2236,g1914,4,4,5,4,7,0
2237,g1915,4,3,4,3,6,0
2238,g1916,4,5,4,3,8,0
2239,g1917,4,4,5,4,7,0
2240,g1918,4,3,4,3,6,0
2241,g1919,4,5,4,3,8,0
2242,g1920,4,4,5,4,7,0
2243,g1921,4,3,4,3,6,0
2244,g1922,4,5,4,3,8,0
2245,g1923,4,4,5,4,7,0
2246,g1924,4,3,4,3,6,0
2247,g1925,4,5,4,3,8,0
2248,g1926,4,4,5,4,7,0
2249,g1927,4,3,4,3,6,0
2250,g1928,4,5,4,3,8,0
2251,g1929,4,4,5,4,7,0
2252,g1930,4,3,4,3,6,0
2253,g1931,4,5,4,3,8,0
2254,g1932,4,4,5,4,7,0
2255,g1933,4,3,4,3,6,0
2256,g1934,4,5,4,3,8,0
2257,g1935,4,4,5,4,7,0
2258,g1936,4,3,4,3,6,0
2259,g1937,4,5,4,3,8,0
2260,g1938,4,4,5,4,7,0
2261,g1939,4,3,4,3,6,0
2262,g1940,4,5,4,3,8,0
2263,g1941,4,4,5,4,7,0
2264,g1942,4,3,4,3,6,0
2265,g1943,4,5,4,3,8,0
2266,g1944,4,4,5,4,7,0
2267,g1945,4,3,4,3,6,0
2268,g1946,4,5,4,3,8,0
2269,g1947,4,4,5,4,7,0
2270,g1948,4,3,4,3,6,0
2271,g1949,4,5,4,3,8,0
2272,g1950,4,4,5,4,7,0
2273,g1951,4,3,4,3,6,0
2274,g1952,4,5,4,3,8,0
2275,g1953,4,4,5,4,7,0
2276,g1954,4,3,4,3,6,0
2277,g1955,4,5,4,3,8,0
2278,g1956,4,4,5,4,7,0
2279,g1957,4,3,4,3,6,0
2280,g1958,4,5,4,3,8,0
2281,g1959,4,4,5,4,7,0
2282,g1960,4,3,4,3,6,0
2283,g1961,4,5,4,3,8,0
2284,g1962,4,4,5,4,7,0
2285,g1963,4,3,4,3,6,0
2286,g1964,4,5,4,3,8,0
2287,g1965,4,4,5,4,7,0
2288,g1966,4,3,4,3,6,0
2289,g1967,4,5,4,3,8,0
2290,g1968,4,4,5,4,7,0
2291,g1969,4,3,4,3,6,0
2292,g1970,4,5,4,3,8,0
2293,g1971,4,4,5,4,7,0
2294,g1972,4,3,4,3,6,0
2295,g1973,4,5,4,3,8,0
2296,g1974,4,4,5,4,7,0
2297,g1975,4,3,4,3,6,0
2298,g1976,4,5,4,3,8,0
2299,g1977,4,4,5,4,7,0
2300,g1978,4,3,4,3,6,0
2301,g1979,4,5,4,3,8,0
2302,g1980,4,4,5,4,7,0
2303,g1981,4,3,4,3,6,0
2304,g1982,4,5,4,3,8,0
2305,g1983,4,4,5,4,7,0
2306,g1984,4,3,4,3,6,0
2307,g1985,4,5,4,3,8,0
2308,g1986,4,4,5,4,7,0
2309,g1987,4,3,4,3,6,0
2310,g1988,4,5,4,3,8,0
2311,g1989,4,4,5,4,7,0
2312,g1990,4,3,4,3,6,0
2313,g1991,4,5,4,3,8,0
2314,g1992,4,4,5,4,7,0
2315,g1993,4,3,4,3,6,0
2316,g1994,4,5,4,3,8,0
2317,g1995,4,4,5,4,7,0
2318,g1996,4,3,4,3,6,0
2319,g1997,4,5,4,3,8,0
2320,g1998,4,4,5,4,7,0
2321,g1999,4,3,4,3,6,0
2322,g2000,4,5,4,3,8,0
2323,g2001,4,4,5,4,7,0
2324,g2002,4,3,4,3,6,0
2325,g2003,4,5,4,3,8,0
2326,g2004,4,4,5,4,7,0
2327,g2005,4,3,4,3,6,0
2328,g2006,4,5,4,3,8,0
2329,g2007,4,4,5,4,7,0
2330,g2008,4,3,4,3,6,0
2331,g2009,4,5,4,3,8,0
2332,g2010,4,4,5,4,7,0
2333,g2011,4,3,4,3,6,0
2334,g2012,4,5,4,3,8,0
2335,g2013,4,4,5,4,7,0
2336,g2014,4,3,4,3,6,0
2337,g2015,4,5,4,3,8,0
2338,g2016,4,4,5,4,7,0
2339,g2017,4,3,4,3,6,0
2340,g2018,4,5,4,3,8,0
2341,g2019,4,4,5,4,7,0
2342,g2020,4,3,4,3,6,0
2343,g2021,4,5,4,3,8,0
2344,g2022,4,4,5,4,7,0
2345,g2023,4,3,4,3,6,0
2346,g2024,4,5,4,3,8,0
2347,g2025,4,4,5,4,7,0
2348,g2026,4,3,4,3,6,0
2349,g2027,4,5,4,3,8,0
2350,g2028,4,4,5,4,7,0
2351,g2029,4,3,4,3,6,0
2352,g2030,4,5,4,3,8,0
2353,g2031,4,3,3,3,6,0
2354,g2032,4,4,5,4,7,0
2355,g2033,4,3,2,3,6,0
2356,g2034,3,5,4,3,8,0
2357,g2035,3,4,3,2,7,0
2358,g2036,3,4,3,2,7,0
2359,g2037,3,4,3,2,7,0
2360,g2038,3,4,3,2,7,0
2361,g2039,3,4,3,2,7,0
2362,g2040,3,4,3,2,7,0
2363,g2041,3,4,3,2,7,0
2364,g2042,3,4,3,2,7,0
2365,g2043,3,4,3,2,7,0
2366,g2044,3,4,3,2,7,0
2367,g2045,3,4,3,2,7,0
2368,g2046,3,4,3,2,7,0
2369,g2047,3,4,3,2,7,0
2370,g2048,3,4,3,2,7,0
2371,g2049,3,4,3,2,7,0
2372,g2050,3,4,3,2,7,0
2373,g2051,3,4,3,2,7,0
2374,g2052,3,4,3,2,7,0
2375,g2053,3,4,3,2,7,0
2376,g2054,3,4,3,2,7,0
2377,g2055,3,4,3,2,7,0
2378,g2056,3,4,3,2,7,0
2379,g2057,3,4,3,2,7,0
2380,g2058,3,4,3,2,7,0
2381,g2059,3,4,3,2,7,0
2382,g2060,3,4,3,2,7,0
2383,g2061,3,4,3,2,7,0
2384,g2062,3,4,3,2,7,0
2385,g2063,3,4,3,2,7,0
2386,g2064,3,4,3,2,7,0
2387,g2065,3,4,3,2,7,0
2388,g2066,3,4,3,2,7,0
2389,g2067,3,4,3,2,7,0
2390,g2068,3,4,3,2,7,0
2391,g2069,3,4,3,2,7,0
2392,g2070,3,4,3,2,7,0
2393,g2071,3,4,3,2,7,0
2394,g2072,3,4,3,2,7,0
2395,g2073,3,4,3,2,7,0
2396,g2074,3,4,3,2,7,0
2397,g2075,3,4,3,2,7,0
2398,g2076,3,4,3,2,7,0
2399,g2077,3,4,3,2,7,0
2400,g2078,3,4,3,2,7,0
2401,g2079,3,4,3,2,7,0
2402,g2080,3,4,3,2,7,0
2403,g2081,3,4,3,2,7,0
2404,g2082,3,4,3,2,7,0
2405,g2083,3,4,3,2,7,0
2406,g2084,3,4,3,2,7,0
2407,g2085,3,4,3,2,7,0
2408,g2086,3,4,3,2,7,0
2409,g2087,3,4,3,2,7,0
2410,g2088,3,4,3,2,7,0
2411,g2089,3,4,3,2,7,0
2412,g2090,3,4,3,2,7,0
2413,g2091,3,4,3,2,7,0
2414,g2092,3,4,3,2,7,0
2415,g2093,3,4,3,2,7,0
2416,g2094,2,6,3,4,9,0
2417,g2095,2,5,4,3,8,0
2418,g2096,2,5,4,3,8,0
2419,g2097,2,5,4,3,8,0
2420,g2098,2,5,4,3,8,0
2421,g2099,2,5,4,3,8,0
2422,g2100,2,5,4,3,8,0
2423,g2101,2,5,4,3,8,0
2424,g2102,2,5,4,3,8,0
2425,g2103,2,5,4,3,8,0
2426,g2104,2,5,4,3,8,0
2427,g2105,2,5,4,3,8,0
2428,g2106,2,5,4,3,8,0
2429,g2107,2,5,4,3,8,0
2430,g2108,2,5,4,3,8,0
2431,g2109,2,5,4,3,8,0
2432,g2110,2,5,4,3,8,0
2433,g2111,2,5,4,3,8,0
2434,g2112,2,5,4,3,8,0
2435,g2113,2,5,4,3,8,0
2436,g2114,2,5,4,3,8,0
2437,g2115,2,5,4,3,8,0
2438,g2116,2,5,4,3,8,0
2439,g2117,2,5,4,3,8,0
2440,g2118,2,5,4,3,8,0
2441,g2119,2,5,4,3,8,0
2442,g2120,2,5,4,3,8,0
2443,g2121,2,5,4,3,8,0
2444,g2122,2,5,4,3,8,0
2445,g2123,2,5,4,3,8,0
2446,g2124,2,5,4,3,8,0
2447,g2125,2,5,4,3,8,0
2448,g2126,2,5,4,3,8,0
2449,g2127,2,5,4,3,8,0
2450,g2128,2,5,4,3,8,0
2451,g2129,2,5,4,3,8,0
2452,g2130,2,5,4,3,8,0
2453,g2131,2,5,4,3,8,0
2454,g2132,2,5,4,3,8,0
2455,g2133,2,5,4,3,8,0
2456,g2134,2,5,4,3,8,0
2457,g2135,2,5,4,3,8,0
2458,g2136,2,5,4,3,8,0
2459,g2137,2,5,4,3,8,0
2460,g2138,2,5,4,3,8,0
2461,g2139,2,5,4,3,8,0
2462,g2140,2,5,4,3,8,0
2463,g2141,2,5,4,3,8,0
2464,g2142,2,5,4,3,8,0
2465,g2143,2,5,4,3,8,0
2466,g2144,2,5,4,3,8,0
2467,g2145,2,5,4,3,8,0
2468,g2146,2,5,4,3,8,0
2469,g2147,2,5,4,3,8,0
2470,g2148,2,5,4,3,8,0
2471,g2149,2,5,4,3,8,0
2472,g2150,2,5,4,3,8,0
2473,g2151,2,5,4,3,8,0
2474,g2152,2,5,4,3,8,0
2475,g2153,2,5,4,3,8,0
2476,g2154,2,4,2,3,7,0
2477,g2155,3,6,3,2,9,0
2478,g2156,3,6,3,2,9,0
2479,g2157,3,6,3,2,9,0
2480,g2158,3,6,3,2,9,0
2481,g2159,3,6,3,2,9,0
2482,g2160,3,6,3,2,9,0
2483,g2161,3,6,3,2,9,0
2484,g2162,3,6,3,2,9,0
2485,g2163,3,6,3,2,9,0
2486,g2164,3,6,3,2,9,0
2487,g2165,3,6,3,2,9,0
2488,g2166,3,6,3,2,9,0
2489,g2167,3,6,3,2,9,0
2490,g2168,3,6,3,2,9,0
2491,g2169,6,4,1,2,7,0
2492,g2170,3,6,3,2,9,0
2493,g2171,3,6,3,2,9,0
2494,g2172,3,6,3,2,9,0
2495,g2173,3,6,3,2,9,0
2496,g2174,3,6,3,2,9,0
2497,g2175,3,6,3,2,9,0
2498,g2176,3,6,3,2,9,0
2499,g2177,3,6,3,2,9,0
2500,g2178,3,6,3,2,9,0
2501,g2179,3,6,3,2,9,0
2502,g2180,3,6,3,2,9,0
2503,g2181,3,6,3,2,9,0
2504,g2182,3,6,3,2,9,0
2505,g2183,3,6,3,2,9,0
2506,g2184,3,6,3,2,9,0
2507,g2185,3,6,3,2,9,0
2508,g2186,3,6,3,2,9,0
2509,g2187,3,6,3,2,9,0
2510,g2188,3,6,3,2,9,0
2511,g2189,3,6,3,2,9,0
2512,g2190,3,6,3,2,9,0
2513,g2191,3,6,3,2,9,0
2514,g2192,3,6,3,2,9,0
2515,g2193,3,6,3,2,9,0
2516,g2194,3,6,3,2,9,0
2517,g2195,3,6,3,2,9,0
2518,g2196,3,6,3,2,9,0
2519,g2197,3,6,3,2,9,0
2520,g2198,3,6,3,2,9,0
2521,g2199,3,6,3,2,9,0
2522,g2200,3,6,3,2,9,0
2523,g2201,3,6,3,2,9,0
2524,g2202,3,6,3,2,9,0
2525,g2203,3,6,3,2,9,0
2526,g2204,3,6,3,2,9,0
2527,g2205,3,6,3,2,9,0
2528,g2206,3,6,3,2,9,0
2529,g2207,3,6,3,2,9,0
2530,g2208,3,6,3,2,9,0
2531,g2209,3,6,3,2,9,0
2532,g2210,3,6,3,2,9,0
2533,g2211,3,6,3,2,9,0
2534,g2212,3,6,3,2,9,0
2535,g2213,3,6,3,2,9,0
2536,g2214,3,6,3,2,9,0
2537,g2215,2,5,3,2,8,0
2538,g2216,2,6,3,2,9,0
2539,g2217,2,6,3,2,9,0
2540,g2218,2,6,3,2,9,0
2541,g2219,2,6,3,2,9,0
2542,g2220,2,6,3,2,9,0
2543,g2221,2,6,3,2,9,0
2544,g2222,2,6,3,2,9,0
2545,g2223,2,6,3,2,9,0
2546,g2224,2,6,3,2,9,0
2547,g2225,2,6,3,2,9,0
2548,g2226,2,6,3,2,9,0
2549,g2227,2,6,3,2,9,0
2550,g2228,2,6,3,2,9,0
2551,g2229,2,6,3,2,9,0
2552,g2230,2,6,3,2,9,0
2553,g2231,2,6,3,2,9,0
2554,g2232,2,6,3,2,9,0
2555,g2233,2,6,3,2,9,0
2556,g2234,2,6,3,2,9,0
2557,g2235,2,6,3,2,9,0
2558,g2236,2,6,3,2,9,0
2559,g2237,2,6,3,2,9,0
2560,g2238,2,6,3,2,9,0
2561,g2239,2,6,3,2,9,0
2562,g2240,2,6,3,2,9,0
2563,g2241,2,6,3,2,9,0
2564,g2242,2,6,3,2,9,0
2565,g2243,2,6,3,2,9,0
2566,g2244,2,6,3,2,9,0
2567,g2245,1,6,3,4,9,0
2568,g2246,1,6,3,4,9,0
2569,g2247,1,6,3,4,9,0
2570,g2248,1,6,3,4,9,0
2571,g2249,1,6,3,4,9,0
2572,g2250,1,6,3,4,9,0
2573,g2251,1,0,3,4,9,0
2574,g2252,1,6,3,4,9,0
2575,g2253,1,6,3,4,9,0
2576,g2254,2,5,3,2,8,0
2577,g2255,2,5,3,2,8,0
2578,g2256,4,5,1,2,8,0
2579,g2257,2,6,3,2,9,0
2580,g2258,2,6,3,2,9,0
2581,g2259,2,6,3,2,9,0
2582,g2260,2,6,3,2,9,0
2583,g2261,2,6,3,2,9,0
2584,g2262,2,6,3,2,9,0
2585,g2263,2,6,3,2,9,0
2586,g2264,2,6,3,2,9,0
2587,g2265,2,6,3,2,9,0
2588,g2266,2,6,3,2,9,0
2589,g2267,2,6,3,2,9,0
2590,g2268,2,6,3,2,9,0
2591,g2269,2,6,3,2,9,0
2592,g2270,2,6,3,2,9,0
2593,g2271,2,6,3,2,9,0
2594,g2272,2,6,3,2,9,0
2595,g2273,2,6,3,2,9,0
2596,g2274,2,6,3,2,9,0
2597,g2275,2,6,3,2,9,0
2598,g2276,2,6,3,2,9,0
2599,g2277,2,6,3,2,9,0
2600,g2278,2,6,3,2,9,0
2601,g2279,2,6,3,2,9,0
2602,g2280,2,6,3,2,9,0
2603,g2281,2,6,3,2,9,0
2604,g2282,2,6,3,2,9,0
2605,g2283,2,6,3,2,9,0
2606,g2284,2,6,3,2,9,0
2607,g2285,2,6,3,2,9,0
2608,g2286,2,6,3,2,9,0
2609,g2287,2,6,3,2,9,0
2610,g2288,1,6,3,4,9,0
2611,g2289,1,6,3,4,9,0
2612,g2290,1,6,3,4,9,0
2613,g2291,1,6,3,4,9,0
2614,g2292,1,6,3,4,9,0
2615,g2293,1,6,3,4,9,0
2616,g2294,1,0,3,4,9,0
2617,g2295,4,3,3,2,6,0
2618,g2296,4,4,3,4,7,0
2619,g2297,4,3,2,3,6,0
2620,g2298,4,5,2,3,8,0
2621,g2299,4,4,5,4,7,0
2622,g2300,4,3,4,3,6,0
2623,g2301,4,5,4,3,8,0
2624,g2302,4,4,5,4,7,0
2625,g2303,4,3,4,3,6,0
2626,g2304,4,5,4,3,8,0
2627,g2305,4,4,5,4,7,0
2628,g2306,4,3,4,3,6,0
2629,g2307,4,5,4,3,8,0
2630,g2308,4,4,5,4,7,0
2631,g2309,4,3,4,3,6,0
2632,g2310,4,5,4,3,8,0
2633,g2311,4,4,5,4,7,0
2634,g2312,4,3,4,3,6,0
2635,g2313,4,5,4,3,8,0
2636,g2314,4,4,5,4,7,0
2637,g2315,4,3,4,3,6,0
2638,g2316,4,5,4,3,8,0
2639,g2317,4,4,5,4,7,0
2640,g2318,4,3,4,3,6,0
2641,g2319,4,5,4,3,8,0
2642,g2320,4,4,5,4,7,0
2643,g2321,4,3,4,3,6,0
2644,g2322,4,5,4,3,8,0
2645,g2323,4,4,5,4,7,0
2646,g2324,4,3,4,3,6,0
2647,g2325,4,5,4,3,8,0
2648,g2326,4,4,5,4,7,0
2649,g2327,4,3,4,3,6,0
2650,g2328,4,5,4,3,8,0
2651,g2329,4,4,5,4,7,0
2652,g2330,4,3,4,3,6,0
2653,g2331,4,5,4,3,8,0
2654,g2332,4,4,5,4,7,0
2655,g2333,4,3,4,3,6,0
2656,g2334,4,5,4,3,8,0
2657,g2335,4,4,5,4,7,0
2658,g2336,4,3,4,3,6,0
2659,g2337,4,5,4,3,8,0
2660,g2338,4,4,5,4,7,0
2661,g2339,4,3,4,3,6,0
2662,g2340,4,5,4,3,8,0
2663,g2341,4,4,5,4,7,0
2664,g2342,4,3,4,3,6,0
2665,g2343,4,5,4,3,8,0
2666,g2344,4,4,5,4,7,0
2667,g2345,4,3,4,3,6,0
2668,g2346,4,5,4,3,8,0
2669,g2347,4,4,5,4,7,0
2670,g2348,4,3,4,3,6,0
2671,g2349,4,5,4,3,8,0
2672,g2350,4,4,5,4,7,0
2673,g2351,4,3,4,3,6,0
2674,g2352,4,5,4,3,8,0
2675,g2353,4,4,5,4,7,0
2676,g2354,4,3,4,3,6,0
2677,g2355,4,5,4,3,8,0
2678,g2356,4,4,5,4,7,0
2679,g2357,4,3,4,3,6,0
2680,g2358,4,5,4,3,8,0
2681,g2359,4,4,5,4,7,0
2682,g2360,4,3,4,3,6,0
2683,g2361,4,5,4,3,8,0
2684,g2362,4,4,5,4,7,0
2685,g2363,4,3,4,3,6,0
2686,g2364,4,5,4,3,8,0
2687,g2365,4,4,5,4,7,0
2688,g2366,4,3,4,3,6,0
2689,g2367,4,5,4,3,8,0
2690,g2368,4,4,5,4,7,0
2691,g2369,4,3,4,3,6,0
2692,g2370,4,5,4,3,8,0
2693,g2371,4,4,5,4,7,0
2694,g2372,4,3,4,3,6,0
2695,g2373,4,5,4,3,8,0
2696,g2374,4,4,5,4,7,0
2697,g2375,4,3,4,3,6,0
2698,g2376,4,5,4,3,8,0
2699,g2377,4,4,5,4,7,0
2700,g2378,4,3,4,3,6,0
2701,g2379,4,5,4,3,8,0
2702,g2380,4,4,5,4,7,0
2703,g2381,4,3,4,3,6,0
2704,g2382,4,5,4,3,8,0
2705,g2383,4,4,5,4,7,0
2706,g2384,4,3,4,3,6,0
2707,g2385,4,5,4,3,8,0
2708,g2386,4,4,5,4,7,0
2709,g2387,4,3,4,3,6,0
2710,g2388,4,5,4,3,8,0
2711,g2389,4,4,5,4,7,0
2712,g2390,4,3,4,3,6,0
2713,g2391,4,5,4,3,8,0
2714,g2392,4,4,5,4,7,0
2715,g2393,4,3,4,3,6,0
2716,g2394,4,5,4,3,8,0
2717,g2395,4,4,5,4,7,0
2718,g2396,4,3,4,3,6,0
2719,g2397,4,5,4,3,8,0
2720,g2398,4,4,5,4,7,0
2721,g2399,4,3,4,3,6,0
2722,g2400,4,5,4,3,8,0
2723,g2401,4,4,5,4,7,0
2724,g2402,4,3,4,3,6,0
2725,g2403,4,5,4,3,8,0
2726,g2404,4,4,5,4,7,0
2727,g2405,4,3,4,3,6,0
2728,g2406,4,5,4,3,8,0
2729,g2407,4,4,5,4,7,0
2730,g2408,4,3,4,3,6,0
2731,g2409,4,5,4,3,8,0
2732,g2410,4,4,5,4,7,0
2733,g2411,4,3,4,3,6,0
2734,g2412,4,5,4,3,8,0
2735,g2413,4,4,5,4,7,0
2736,g2414,4,3,4,3,6,0
2737,g2415,4,5,4,3,8,0
2738,g2416,4,4,5,4,7,0
2739,g2417,4,3,4,3,6,0
2740,g2418,4,5,4,3,8,0
2741,g2419,4,4,5,4,7,0
2742,g2420,4,3,4,3,6,0
2743,g2421,4,5,4,3,8,0
2744,g2422,4,4,5,4,7,0
2745,g2423,4,3,4,3,6,0
2746,g2424,4,5,4,3,8,0
2747,g2425,4,4,5,4,7,0
2748,g2426,4,3,4,3,6,0
2749,g2427,4,5,4,3,8,0
2750,g2428,4,4,5,4,7,0
2751,g2429,4,3,4,3,6,0
2752,g2430,4,5,4,3,8,0
2753,g2431,4,4,5,4,7,0
2754,g2432,4,3,4,3,6,0
2755,g2433,4,5,4,3,8,0
2756,g2434,4,4,5,4,7,0
2757,g2435,4,3,4,3,6,0
2758,g2436,4,5,4,3,8,0
2759,g2437,4,4,5,4,7,0
2760,g2438,4,3,4,3,6,0
2761,g2439,4,5,4,3,8,0
2762,g2440,4,4,5,4,7,0
2763,g2441,4,3,4,3,6,0
2764,g2442,4,5,4,3,8,0
2765,g2443,4,4,5,4,7,0
2766,g2444,4,3,4,3,6,0
2767,g2445,4,5,4,3,8,0
2768,g2446,4,4,5,4,7,0
2769,g2447,4,3,4,3,6,0
2770,g2448,4,5,4,3,8,0
2771,g2449,4,4,5,4,7,0
2772,g2450,4,3,4,3,6,0
2773,g2451,4,5,4,3,8,0
2774,g2452,4,4,5,4,7,0
2775,g2453,4,3,4,3,6,0
2776,g2454,4,5,4,3,8,0
2777,g2455,4,4,5,4,7,0
2778,g2456,4,3,4,3,6,0
2779,g2457,4,5,4,3,8,0
2780,g2458,4,4,5,4,7,0
2781,g2459,4,3,4,3,6,0
2782,g2460,4,5,4,3,8,0
2783,g2461,4,4,5,4,7,0
2784,g2462,4,3,4,3,6,0
2785,g2463,4,5,4,3,8,0
2786,g2464,4,4,5,4,7,0
2787,g2465,4,3,4,3,6,0
2788,g2466,4,5,4,3,8,0
2789,g2467,4,4,5,4,7,0
2790,g2468,4,3,4,3,6,0
2791,g2469,4,5,4,3,8,0
2792,g2470,4,4,5,4,7,0
2793,g2471,4,3,4,3,6,0
2794,g2472,4,5,4,3,8,0
2795,g2473,4,4,5,4,7,0
2796,g2474,4,3,4,3,6,0
2797,g2475,4,5,4,3,8,0
2798,g2476,4,4,5,4,7,0
2799,g2477,4,3,4,3,6,0
2800,g2478,3,5,4,3,8,0
2801,g2479,2,6,5,4,9,0
2802,g2480,4,4,4,3,7,0
2803,g2481,4,3,4,3,6,0
2804,g2482,4,5,4,3,8,0
2805,g2483,4,3,4,3,6,0
2806,g2484,3,4,3,2,7,0
2807,g2485,3,4,3,2,7,0
2808,g2486,3,4,3,2,7,0
2809,g2487,3,4,3,2,7,0
2810,g2488,3,4,3,2,7,0
2811,g2489,3,4,3,2,7,0
2812,g2490,3,4,3,2,7,0
2813,g2491,3,4,3,2,7,0
2814,g2492,3,4,3,2,7,0
2815,g2493,3,4,3,2,7,0
2816,g2494,3,4,3,2,7,0
2817,g2495,6,4,1,2,7,0
2818,g2496,3,4,3,2,7,0
2819,g2497,3,4,3,2,7,0
2820,g2498,3,4,3,2,7,0
2821,g2499,3,4,3,2,7,0
2822,g2500,3,4,3,2,7,0
2823,g2501,3,4,3,2,7,0
2824,g2502,3,4,3,2,7,0
2825,g2503,3,4,3,2,7,0
2826,g2504,3,4,3,2,7,0
2827,g2505,3,4,3,2,7,0
2828,g2506,3,4,3,2,7,0
2829,g2507,3,4,3,2,7,0
2830,g2508,3,4,3,2,7,0
2831,g2509,3,4,3,2,7,0
2832,g2510,3,4,3,2,7,0
2833,g2511,3,4,3,2,7,0
2834,g2512,3,4,3,2,7,0
2835,g2513,3,4,3,2,7,0
2836,g2514,3,4,3,2,7,0
2837,g2515,3,4,3,2,7,0
2838,g2516,3,4,3,2,7,0
2839,g2517,3,4,3,2,7,0
2840,g2518,3,4,3,2,7,0
2841,g2519,3,4,3,2,7,0
2842,g2520,3,4,3,2,7,0
2843,g2521,3,4,3,2,7,0
2844,g2522,3,4,3,2,7,0
2845,g2523,3,4,3,2,7,0
2846,g2524,3,4,3,2,7,0
2847,g2525,3,4,3,2,7,0
2848,g2526,3,4,3,2,7,0
2849,g2527,3,4,3,2,7,0
2850,g2528,3,4,3,2,7,0
2851,g2529,3,4,3,2,7,0
2852,g2530,3,4,3,2,7,0
2853,g2531,3,4,3,2,7,0
2854,g2532,3,4,3,2,7,0
2855,g2533,3,4,3,2,7,0
2856,g2534,3,4,3,2,7,0
2857,g2535,3,4,3,2,7,0
2858,g2536,3,4,3,2,7,0
2859,g2537,3,4,3,2,7,0
2860,g2538,3,4,3,2,7,0
2861,g2539,3,4,3,2,7,0
2862,g2540,3,4,3,2,7,0
2863,g2541,3,4,3,2,7,0
2864,g2542,3,4,3,2,7,0
2865,g2543,3,4,3,2,7,0
2866,g2544,3,4,3,2,7,0
2867,g2545,3,4,3,2,7,0
2868,g2546,2,5,4,3,8,0
2869,g2547,2,5,4,3,8,0
2870,g2548,2,5,4,3,8,0
2871,g2549,2,5,4,3,8,0
2872,g2550,2,5,4,3,8,0
2873,g2551,2,5,4,3,8,0
2874,g2552,2,5,4,3,8,0
2875,g2553,2,5,4,3,8,0
2876,g2554,2,5,4,3,8,0
2877,g2555,2,5,4,3,8,0
2878,g2556,2,5,4,3,8,0
2879,g2557,2,5,4,3,8,0
2880,g2558,2,5,4,3,8,0
2881,g2559,2,5,4,3,8,0
2882,g2560,2,5,4,3,8,0
2883,g2561,2,5,4,3,8,0
2884,g2562,2,5,2,3,8,0
2885,g2563,2,5,4,3,8,0
2886,g2564,2,5,4,3,8,0
2887,g2565,2,5,4,3,8,0
2888,g2566,2,5,4,3,8,0
2889,g2567,2,5,4,3,8,0
2890,g2568,2,5,4,3,8,0
2891,g2569,2,5,4,3,8,0
2892,g2570,2,5,4,3,8,0
2893,g2571,2,5,4,3,8,0
2894,g2572,2,5,4,3,8,0
2895,g2573,2,5,4,3,8,0
2896,g2574,2,5,4,3,8,0
2897,g2575,2,5,4,3,8,0
2898,g2576,2,5,4,3,8,0
2899,g2577,2,5,4,3,8,0
2900,g2578,3,4,3,2,7,0
2901,g2579,2,5,4,3,8,0
2902,g2580,2,5,4,3,8,0
2903,g2581,2,5,4,3,8,0
2904,g2582,2,5,4,3,8,0
2905,g2583,2,5,4,3,8,0
2906,g2584,2,5,4,3,8,0
2907,g2585,2,5,4,3,8,0
2908,g2586,2,5,4,3,8,0
2909,g2587,2,5,4,3,8,0
2910,g2588,2,5,4,3,8,0
2911,g2589,2,5,4,3,8,0
2912,g2590,2,5,4,3,8,0
2913,g2591,2,5,4,3,8,0
2914,g2592,2,5,4,3,8,0
2915,g2593,2,5,4,3,8,0
2916,g2594,2,5,4,3,8,0
2917,g2595,2,5,4,3,8,0
2918,g2596,2,5,4,3,8,0
2919,g2597,2,5,4,3,8,0
2920,g2598,2,5,4,3,8,0
2921,g2599,2,5,4,3,8,0
2922,g2600,2,5,4,3,8,0
2923,g2601,2,5,4,3,8,0
2924,g2602,2,5,4,3,8,0
2925,g2603,2,5,4,3,8,0
2926,g2604,2,5,4,3,8,0
2927,g2605,2,5,4,3,8,0
2928,g2606,3,5,3,2,8,0
2929,g2607,2,5,4,3,8,0
2930,g2608,2,5,4,3,8,0
2931,g2609,2,4,4,3,7,0
2932,g2610,2,6,3,2,9,0
2933,g2611,2,6,3,2,9,0
2934,g2612,2,6,3,2,9,0
2935,g2613,2,6,3,2,9,0
2936,g2614,2,6,3,2,9,0
2937,g2615,2,6,3,2,9,0
2938,g2616,2,6,3,2,9,0
2939,g2617,2,6,3,2,9,0
2940,g2618,2,6,3,2,9,0
2941,g2619,2,6,3,2,9,0
2942,g2620,4,6,1,2,9,0
2943,g2621,2,6,3,2,9,0
2944,g2622,2,6,3,2,9,0
2945,g2623,2,6,3,2,9,0
2946,g2624,2,6,3,2,9,0
2947,g2625,2,6,3,2,9,0
2948,g2626,2,6,3,2,9,0
2949,g2627,2,6,3,2,9,0
2950,g2628,2,6,3,2,9,0
2951,g2629,2,6,3,2,9,0
2952,g2630,2,6,3,2,9,0
2953,g2631,2,6,3,2,9,0
2954,g2632,2,6,3,2,9,0
2955,g2633,2,6,3,2,9,0
2956,g2634,2,6,3,2,9,0
2957,g2635,2,6,3,2,9,0
2958,g2636,2,6,3,2,9,0
2959,g2637,2,6,3,2,9,0
2960,g2638,2,6,3,2,9,0
2961,g2639,2,6,3,2,9,0
2962,g2640,2,6,3,2,9,0
2963,g2641,1,6,3,4,9,0
2964,g2642,1,6,3,4,9,0
2965,g2643,1,5,3,4,8,0
2966,g2644,1,6,3,4,9,0
2967,g2645,1,6,3,4,9,0
2968,g2646,1,0,3,4,9,0
2969,g2647,1,0,3,4,9,0
2970,g2648,1,6,3,4,9,0
2971,g2649,1,6,3,4,9,0
2972,g2650,2,6,3,2,9,0
2973,g2651,2,6,3,2,9,0
2974,g2652,2,6,3,2,9,0
2975,g2653,2,6,3,2,9,0
2976,g2654,2,6,3,2,9,0
2977,g2655,2,6,3,2,9,0
2978,g2656,2,6,3,2,9,0
2979,g2657,2,6,3,2,9,0
2980,g2658,2,6,3,2,9,0
2981,g2659,2,6,3,2,9,0
2982,g2660,2,6,3,2,9,0
2983,g2661,2,6,3,2,9,0
2984,g2662,2,6,3,2,9,0
2985,g2663,2,6,3,2,9,0
2986,g2664,2,6,3,2,9,0
2987,g2665,2,6,3,2,9,0
2988,g2666,2,6,3,2,9,0
2989,g2667,2,6,3,2,9,0
2990,g2668,2,6,3,2,9,0
2991,g2669,2,6,3,2,9,0
2992,g2670,2,6,3,2,9,0
2993,g2671,2,6,3,2,9,0
2994,g2672,2,6,3,2,9,0
2995,g2673,2,6,3,2,9,0
2996,g2674,2,6,3,2,9,0
2997,g2675,2,6,3,2,9,0
2998,g2676,2,6,3,2,9,0
2999,g2677,2,5,3,2,8,0
3000,g2678,2,6,3,2,9,0
3001,g2679,2,6,3,2,9,0
3002,g2680,2,6,3,2,9,0
3003,g2681,2,6,3,2,9,0
3004,g2682,1,6,3,4,9,0
3005,g2683,1,6,3,4,9,0
3006,g2684,1,6,3,4,9,0
3007,g2685,1,6,3,4,9,0
3008,g2686,1,6,3,4,9,0
3009,g2687,1,6,3,4,9,0
3010,g2688,1,6,3,4,9,0
3011,g2689,4,6,-1,2,9,0
3012,g2690,4,7,-1,2,10,0
3013,g2691,4,6,-1,2,9,0
3014,g2692,4,8,-1,2,11,0
3015,g2693,4,7,-1,2,10,0
3016,g2694,4,6,-1,2,9,0
3017,g2695,4,8,-1,2,11,0
3018,g2696,4,7,-1,2,10,0
3019,g2697,4,6,-1,2,9,0
3020,g2698,4,8,-1,2,11,0
3021,g2699,4,7,-1,2,10,0
3022,g2700,4,6,-1,2,9,0
3023,g2701,4,8,-1,2,11,0
3024,g2702,4,7,-1,2,10,0
3025,g2703,4,6,-1,2,9,0
3026,g2704,4,8,-1,2,11,0
3027,g2705,4,7,-1,2,10,0
3028,g2706,4,6,-1,2,9,0
3029,g2707,4,8,-1,2,11,0
3030,g2708,4,7,-1,2,10,0
3031,g2709,4,6,-1,2,9,0
3032,g2710,4,8,-1,2,11,0
3033,g2711,4,7,-1,2,10,0
3034,g2712,4,6,-1,2,9,0
3035,g2713,4,8,-1,2,11,0
3036,g2714,4,7,-1,2,10,0
3037,g2715,4,6,-1,2,9,0
3038,g2716,4,8,-1,2,11,0
3039,g2717,4,7,-1,2,10,0
3040,g2718,4,6,-1,2,9,0
3041,g2719,4,8,-1,2,11,0
3042,g2720,4,7,-1,2,10,0
3043,g2721,4,6,-1,2,9,0
3044,g2722,4,8,-1,2,11,0
3045,g2723,4,7,-1,2,10,0
3046,g2724,4,6,-1,2,9,0
3047,g2725,4,8,-1,2,11,0
3048,g2726,4,7,-1,2,10,0
3049,g2727,4,6,-1,2,9,0
3050,g2728,4,8,-1,2,11,0
3051,g2729,4,7,-1,2,10,0
3052,g2730,4,6,-1,2,9,0
3053,g2731,4,8,-1,2,11,0
3054,g2732,4,7,-1,2,10,0
3055,g2733,4,6,-1,2,9,0
3056,g2734,4,8,-1,2,11,0
3057,g2735,4,7,-1,2,10,0
3058,g2736,4,6,-1,2,9,0
3059,g2737,4,8,-1,2,11,0
3060,g2738,4,7,-1,2,10,0
3061,g2739,4,6,-1,2,9,0
3062,g2740,4,8,-1,2,11,0
3063,g2741,4,7,-1,2,10,0
3064,g2742,4,6,-1,2,9,0
3065,g2743,4,8,-1,2,11,0
3066,g2744,4,7,-1,2,10,0
3067,g2745,4,6,-1,2,9,0
3068,g2746,4,8,-1,2,11,0
3069,g2747,4,7,-1,2,10,0
3070,g2748,4,6,-1,2,9,0
3071,g2749,4,8,-1,2,11,0
3072,g2750,4,7,-1,2,10,0
3073,g2751,4,6,-1,2,9,0
3074,g2752,4,8,-1,2,11,0
3075,g2753,4,7,-1,2,10,0
3076,g2754,4,6,-1,2,9,0
3077,g2755,4,8,-1,2,11,0
3078,g2756,4,7,-1,2,10,0
3079,g2757,4,6,-1,2,9,0
3080,g2758,4,8,-1,2,11,0
3081,g2759,4,7,-1,2,10,0
3082,g2760,4,6,-1,2,9,0
3083,g2761,4,8,-1,2,11,0
3084,g2762,4,7,-1,2,10,0
3085,g2763,4,6,-1,2,9,0
3086,g2764,4,8,-1,2,11,0
3087,g2765,4,7,-1,2,10,0
3088,g2766,4,6,-1,2,9,0
3089,g2767,4,8,-1,2,11,0
3090,g2768,4,7,-1,2,10,0
3091,g2769,4,6,-1,2,9,0
3092,g2770,4,8,-1,2,11,0
3093,g2771,4,7,-1,2,10,0
3094,g2772,4,6,-1,2,9,0
3095,g2773,4,8,-1,2,11,0
3096,g2774,4,7,-1,2,10,0
3097,g2775,4,6,-1,2,9,0
3098,g2776,4,8,-1,2,11,0
3099,g2777,4,7,-1,2,10,0
3100,g2778,4,6,-1,2,9,0
3101,g2779,4,8,-1,2,11,0
3102,g2780,4,7,-1,2,10,0
3103,g2781,4,6,-1,2,9,0
3104,g2782,4,8,-1,2,11,0
3105,g2783,4,7,-1,2,10,0
3106,g2784,4,6,-1,2,9,0
3107,g2785,4,8,-1,2,11,0
3108,g2786,4,7,-1,2,10,0
3109,g2787,4,6,-1,2,9,0
3110,g2788,4,8,-1,2,11,0
3111,g2789,4,7,-1,2,10,0
3112,g2790,4,6,-1,2,9,0
3113,g2791,4,8,-1,2,11,0
3114,g2792,4,7,-1,2,10,0
3115,g2793,4,6,-1,2,9,0
3116,g2794,4,8,-1,2,11,0
3117,g2795,4,7,-1,2,10,0
3118,g2796,4,6,-1,2,9,0
3119,g2797,4,8,-1,2,11,0
3120,g2798,4,7,-1,2,10,0
3121,g2799,4,6,-1,2,9,0
3122,g2800,4,8,-1,2,11,0
3123,g2801,4,7,-1,2,10,0
3124,g2802,4,6,-1,2,9,0
3125,g2803,4,8,-1,2,11,0
3126,g2804,4,7,-1,2,10,0
3127,g2805,4,6,-1,2,9,0
3128,g2806,4,8,-1,2,11,0
3129,g2807,4,7,-1,2,10,0
3130,g2808,4,6,-1,2,9,0
3131,g2809,4,8,-1,2,11,0
3132,g2810,4,7,-1,2,10,0
3133,g2811,4,6,-1,2,9,0
3134,g2812,4,8,-1,2,11,0
3135,g2813,4,7,-1,2,10,0
3136,g2814,4,6,-1,2,9,0
3137,g2815,4,8,-1,2,11,0
3138,g2816,4,7,-1,2,10,0
3139,g2817,4,6,-1,2,9,0
3140,g2818,4,8,-1,2,11,0
3141,g2819,4,7,-1,2,10,0
3142,g2820,4,6,-1,2,9,0
3143,g2821,4,8,-1,2,11,0
3144,g2822,4,7,-1,2,10,0
3145,g2823,4,6,-1,2,9,0
3146,g2824,4,8,-1,2,11,0
3147,g2825,4,7,-1,2,10,0
3148,g2826,4,6,-1,2,9,0
3149,g2827,4,8,-1,2,11,0
3150,g2828,4,7,-1,2,10,0
3151,g2829,4,6,-1,2,9,0
3152,g2830,4,8,-1,2,11,0
3153,g2831,4,7,-1,2,10,0
3154,g2832,4,6,-1,2,9,0
3155,g2833,4,8,-1,2,11,0
3156,g2834,4,7,-1,2,10,0
3157,g2835,4,6,-1,2,9,0
3158,g2836,4,8,-1,2,11,0
3159,g2837,4,7,-1,2,10,0
3160,g2838,4,6,-1,2,9,0
3161,g2839,4,8,-1,2,11,0
3162,g2840,4,7,-1,2,10,0
3163,g2841,4,6,-1,2,9,0
3164,g2842,4,8,-1,2,11,0
3165,g2843,4,7,-1,2,10,0
3166,g2844,4,6,-1,2,9,0
3167,g2845,4,8,-1,2,11,0
3168,g2846,4,7,-1,2,10,0
3169,g2847,4,6,-1,2,9,0
3170,g2848,4,8,-1,2,11,0
3171,g2849,4,7,-1,2,10,0
3172,g2850,4,6,-1,2,9,0
3173,g2851,4,8,-1,2,11,0
3174,g2852,4,7,-1,2,10,0
3175,g2853,4,6,-1,2,9,0
3176,g2854,4,8,-1,2,11,0
3177,g2855,4,7,-1,2,10,0
3178,g2856,4,6,-1,2,9,0
3179,g2857,4,8,-1,2,11,0
3180,g2858,4,7,-1,2,10,0
3181,g2859,4,6,-1,2,9,0
3182,g2860,4,8,-1,2,11,0
3183,g2861,4,7,-1,2,10,0
3184,g2862,4,6,-1,2,9,0
3185,g2863,4,8,-1,2,11,0
3186,g2864,4,7,-1,2,10,0
3187,g2865,4,6,-1,2,9,0
3188,g2866,4,8,-1,2,11,0
3189,g2867,4,7,-1,2,10,0
3190,g2868,4,6,-1,2,9,0
3191,g2869,3,8,-1,2,11,0
3192,g2870,2,9,-1,4,12,0
3193,g2871,4,7,-1,3,10,0
3194,g2872,4,6,-1,2,9,0
3195,g2873,3,8,-1,2,11,0
3196,g2874,2,9,-1,3,12,0
3197,g2875,4,7,-1,2,10,0
3198,g2876,4,6,-1,2,9,0
3199,g2877,4,8,-1,2,11,0
3200,g2878,4,3,-1,2,6,0
3201,g2879,2,7,-1,1,10,0
3202,g2880,2,7,-1,1,10,0
3203,g2881,2,7,-1,1,10,0
3204,g2882,2,7,-1,1,10,0
3205,g2883,2,7,-1,1,10,0
3206,g2884,2,7,-1,1,10,0
3207,g2885,2,7,-1,1,10,0
3208,g2886,2,7,-1,1,10,0
3209,g2887,2,7,-1,1,10,0
3210,g2888,2,7,-1,1,10,0
3211,g2889,2,7,-1,1,10,0
3212,g2890,2,7,-1,1,10,0
3213,g2891,2,7,-1,1,10,0
3214,g2892,2,7,-1,1,10,0
3215,g2893,2,7,-1,1,10,0
3216,g2894,2,7,-1,1,10,0
3217,g2895,2,7,-1,1,10,0
3218,g2896,2,7,-1,1,10,0
3219,g2897,2,7,-1,1,10,0
3220,g2898,2,7,-1,1,10,0
3221,g2899,2,7,-1,1,10,0
3222,g2900,2,7,-1,1,10,0
3223,g2901,2,7,-1,1,10,0
3224,g2902,2,7,-1,1,10,0
3225,g2903,2,7,-1,1,10,0
3226,g2904,2,7,-1,1,10,0
3227,g2905,2,7,-1,1,10,0
3228,g2906,2,7,-1,1,10,0
3229,g2907,2,7,-1,1,10,0
3230,g2908,2,7,-1,1,10,0
3231,g2909,2,7,-1,1,10,0
3232,g2910,2,7,-1,1,10,0
3233,g2911,2,7,-1,1,10,0
3234,g2912,2,7,-1,1,10,0
3235,g2913,2,7,-1,1,10,0
3236,g2914,2,7,-1,1,10,0
3237,g2915,2,7,-1,1,10,0
3238,g2916,2,7,-1,1,10,0
3239,g2917,2,7,-1,1,10,0
3240,g2918,2,7,-1,1,10,0
3241,g2919,2,7,-1,1,10,0
3242,g2920,2,7,-1,1,10,0
3243,g2921,2,7,-1,1,10,0
3244,g2922,2,7,-1,1,10,0
3245,g2923,2,7,-1,1,10,0
3246,g2924,2,7,-1,1,10,0
3247,g2925,2,7,-1,1,10,0
3248,g2926,2,7,-1,1,10,0
3249,g2927,2,7,-1,1,10,0
3250,g2928,2,7,-1,1,10,0
3251,g2929,2,7,-1,1,10,0
3252,g2930,2,7,-1,1,10,0
3253,g2931,2,7,-1,1,10,0
3254,g2932,2,7,-1,1,10,0
3255,g2933,2,7,-1,1,10,0
3256,g2934,2,7,-1,1,10,0
3257,g2935,2,7,-1,1,10,0
3258,g2936,2,7,-1,1,10,0
3259,g2937,2,7,-1,1,10,0
3260,g2938,2,7,-1,1,10,0
3261,g2939,2,7,-1,1,10,0
3262,g2940,2,7,-1,1,10,0
3263,g2941,2,7,-1,1,10,0
3264,g2942,2,4,-1,1,7,0
3265,g2943,2,8,-1,1,11,0
3266,g2944,2,8,-1,1,11,0
3267,g2945,2,8,-1,1,11,0
3268,g2946,2,8,-1,1,11,0
3269,g2947,2,8,-1,1,11,0
3270,g2948,2,8,-1,1,11,0
3271,g2949,2,8,-1,1,11,0
3272,g2950,2,8,-1,1,11,0
3273,g2951,2,8,-1,1,11,0
3274,g2952,2,8,-1,1,11,0
3275,g2953,2,8,-1,1,11,0
3276,g2954,2,8,-1,1,11,0
3277,g2955,2,8,-1,1,11,0
3278,g2956,2,8,-1,1,11,0
3279,g2957,2,8,-1,1,11,0
3280,g2958,2,8,-1,2,11,0
3281,g2959,2,8,-1,1,11,0
3282,g2960,2,8,-1,1,11,0
3283,g2961,2,8,-1,1,11,0
3284,g2962,2,8,-1,1,11,0
3285,g2963,2,8,-1,1,11,0
3286,g2964,2,8,-1,1,11,0
3287,g2965,2,8,-1,1,11,0
3288,g2966,2,8,-1,1,11,0
3289,g2967,2,8,-1,1,11,0
3290,g2968,2,8,-1,1,11,0
3291,g2969,2,8,-1,1,11,0
3292,g2970,2,8,-1,1,11,0
3293,g2971,2,8,-1,1,11,0
3294,g2972,2,8,-1,1,11,0
3295,g2973,2,4,-1,2,7,0
3296,g2974,2,8,-1,1,11,0
3297,g2975,2,8,-1,1,11,0
3298,g2976,2,8,-1,1,11,0
3299,g2977,2,8,-1,1,11,0
3300,g2978,2,8,-1,1,11,0
3301,g2979,2,8,-1,1,11,0
3302,g2980,2,8,-1,1,11,0
3303,g2981,2,8,-1,1,11,0
3304,g2982,2,8,-1,1,11,0
3305,g2983,2,8,-1,1,11,0
3306,g2984,2,8,-1,1,11,0
3307,g2985,2,8,-1,1,11,0
3308,g2986,2,8,-1,1,11,0
3309,g2987,2,8,-1,1,11,0
3310,g2988,2,8,-1,1,11,0
3311,g2989,2,8,-1,1,11,0
3312,g2990,2,8,-1,1,11,0
3313,g2991,2,8,-1,1,11,0
3314,g2992,2,8,-1,1,11,0
3315,g2993,2,8,-1,1,11,0
3316,g2994,2,8,-1,1,11,0
3317,g2995,2,8,-1,1,11,0
3318,g2996,2,8,-1,1,11,0
3319,g2997,2,8,-1,1,11,0
3320,g2998,2,8,-1,1,11,0
3321,g2999,2,8,-1,1,11,0
3322,g3000,2,8,-1,1,11,0
3323,g3001,2,8,-1,1,11,0
3324,g3002,2,8,-1,1,11,0
3325,g3003,2,8,-1,1,11,0
3326,g3004,2,8,-1,1,11,0
3327,g3005,2,8,-1,1,11,0
3328,g3006,1,5,-1,1,8,0
3329,g3007,1,9,-1,1,12,0
3330,g3008,1,9,-1,1,12,0
3331,g3009,1,5,-1,1,8,0
3332,g3010,4,3,4,5,6,0
3333,g3011,4,4,4,5,7,0
3334,g3012,4,3,4,5,6,0
3335,g3013,4,5,4,5,8,0
3336,g3014,4,4,4,5,7,0
3337,g3015,4,3,4,5,6,0
3338,g3016,4,5,4,5,8,0
3339,g3017,4,4,4,5,7,0
3340,g3018,4,3,4,5,6,0
3341,g3019,4,5,4,5,8,0
3342,g3020,4,4,4,5,7,0
3343,g3021,4,3,4,5,6,0
3344,g3022,4,5,4,5,8,0
3345,g3023,4,4,4,5,7,0
3346,g3024,4,3,4,5,6,0
3347,g3025,4,5,4,5,8,0
3348,g3026,4,4,4,5,7,0
3349,g3027,4,3,4,5,6,0
3350,g3028,4,5,4,5,8,0
3351,g3029,4,4,4,5,7,0
3352,g3030,4,3,4,5,6,0
3353,g3031,4,5,4,5,8,0
3354,g3032,4,4,4,5,7,0
3355,g3033,4,3,4,5,6,0
3356,g3034,4,5,4,5,8,0
3357,g3035,4,4,4,5,7,0
3358,g3036,4,3,4,5,6,0
3359,g3037,4,5,4,5,8,0
3360,g3038,4,4,4,5,7,0
3361,g3039,4,3,4,5,6,0
3362,g3040,4,5,4,5,8,0
3363,g3041,4,4,4,5,7,0
3364,g3042,4,3,4,5,6,0
3365,g3043,4,5,4,5,8,0
3366,g3044,4,4,4,5,7,0
3367,g3045,4,3,4,5,6,0
3368,g3046,4,5,4,5,8,0
3369,g3047,4,4,4,5,7,0
3370,g3048,4,3,4,5,6,0
3371,g3049,4,5,4,5,8,0
3372,g3050,4,4,4,5,7,0
3373,g3051,4,3,4,5,6,0
3374,g3052,4,5,4,5,8,0
3375,g3053,4,4,4,5,7,0
3376,g3054,4,3,4,5,6,0
3377,g3055,4,5,4,5,8,0
3378,g3056,4,4,4,5,7,0
3379,g3057,4,3,4,5,6,0
3380,g3058,4,5,4,5,8,0
3381,g3059,4,4,4,5,7,0
3382,g3060,4,3,4,5,6,0
3383,g3061,4,5,4,5,8,0
3384,g3062,4,4,4,5,7,0
3385,g3063,4,3,4,5,6,0
3386,g3064,4,5,4,5,8,0
3387,g3065,4,4,4,5,7,0
3388,g3066,4,3,4,5,6,0
3389,g3067,4,5,4,5,8,0
3390,g3068,4,4,4,5,7,0
3391,g3069,4,3,4,5,6,0
3392,g3070,4,5,4,5,8,0
3393,g3071,4,4,4,5,7,0
3394,g3072,4,3,4,5,6,0
3395,g3073,4,5,4,5,8,0
3396,g3074,4,4,4,5,7,0
3397,g3075,4,3,4,5,6,0
3398,g3076,4,5,4,5,8,0
3399,g3077,4,4,4,5,7,0
3400,g3078,4,3,4,5,6,0
3401,g3079,4,5,4,5,8,0
3402,g3080,4,4,4,5,7,0
3403,g3081,4,3,4,5,6,0
3404,g3082,4,5,4,5,8,0
3405,g3083,4,4,4,5,7,0
3406,g3084,4,3,4,5,6,0
3407,g3085,4,5,4,5,8,0
3408,g3086,4,4,4,5,7,0
3409,g3087,4,3,4,5,6,0
3410,g3088,4,5,4,5,8,0
3411,g3089,4,4,4,5,7,0
3412,g3090,4,3,4,5,6,0
3413,g3091,4,5,4,5,8,0
3414,g3092,4,4,4,5,7,0
3415,g3093,4,3,4,5,6,0
3416,g3094,4,5,4,5,8,0
3417,g3095,4,4,4,5,7,0
3418,g3096,4,3,4,5,6,0
3419,g3097,4,5,4,5,8,0
3420,g3098,4,4,4,5,7,0
3421,g3099,4,3,4,5,6,0
3422,g3100,4,5,4,5,8,0
3423,g3101,4,4,4,5,7,0
3424,g3102,4,3,4,5,6,0
3425,g3103,4,5,4,5,8,0
3426,g3104,4,4,4,5,7,0
3427,g3105,4,3,4,5,6,0
3428,g3106,4,5,4,5,8,0
3429,g3107,4,4,4,5,7,0
3430,g3108,4,3,4,5,6,0
3431,g3109,4,5,4,5,8,0
3432,g3110,4,4,4,5,7,0
3433,g3111,4,3,4,5,6,0
3434,g3112,4,5,4,5,8,0
3435,g3113,4,4,4,5,7,0
3436,g3114,4,3,4,5,6,0
3437,g3115,4,5,4,5,8,0
3438,g3116,4,4,4,5,7,0
3439,g3117,4,3,4,5,6,0
3440,g3118,4,5,4,5,8,0
3441,g3119,4,4,4,5,7,0
3442,g3120,4,3,4,5,6,0
3443,g3121,4,5,4,5,8,0
3444,g3122,4,4,4,5,7,0
3445,g3123,4,3,4,5,6,0
3446,g3124,4,5,4,5,8,0
3447,g3125,4,4,4,5,7,0
3448,g3126,4,3,4,5,6,0
3449,g3127,4,5,4,5,8,0
3450,g3128,4,4,4,5,7,0
3451,g3129,4,3,4,5,6,0
3452,g3130,4,5,4,5,8,0
3453,g3131,4,4,4,5,7,0
3454,g3132,4,3,4,5,6,0
3455,g3133,4,5,4,5,8,0
3456,g3134,4,4,4,5,7,0
3457,g3135,4,3,4,5,6,0
3458,g3136,4,5,4,5,8,0
3459,g3137,4,4,4,5,7,0
3460,g3138,4,3,4,5,6,0
3461,g3139,4,5,4,5,8,0
3462,g3140,4,4,4,5,7,0
3463,g3141,4,3,4,5,6,0
3464,g3142,4,5,4,5,8,0
3465,g3143,4,4,4,5,7,0
3466,g3144,4,3,4,5,6,0
3467,g3145,4,5,4,5,8,0
3468,g3146,4,4,4,5,7,0
3469,g3147,4,3,4,5,6,0
3470,g3148,4,5,4,5,8,0
3471,g3149,4,4,4,5,7,0
3472,g3150,4,3,4,5,6,0
3473,g3151,4,5,4,5,8,0
3474,g3152,4,4,4,5,7,0
3475,g3153,4,3,4,5,6,0
3476,g3154,4,5,4,5,8,0
3477,g3155,4,4,4,5,7,0
3478,g3156,4,3,4,5,6,0
3479,g3157,4,5,4,5,8,0
3480,g3158,4,4,4,5,7,0
3481,g3159,4,3,4,5,6,0
3482,g3160,4,5,4,5,8,0
3483,g3161,4,4,4,5,7,0
3484,g3162,4,3,4,5,6,0
3485,g3163,3,5,4,5,8,0
3486,g3164,2,6,6,7,9,0
3487,g3165,4,4,5,6,7,0
3488,g3166,4,3,4,5,6,0
3489,g3167,3,5,4,5,8,0
3490,g3168,2,6,5,6,9,0
3491,g3169,4,4,4,5,7,0
3492,g3170,4,3,4,5,6,0
3493,g3171,3,5,4,5,8,0
3494,g3172,2,6,6,7,9,0
3495,g3173,4,4,5,6,7,0
3496,g3174,4,3,4,5,6,0
3497,g3175,3,5,4,5,8,0
3498,g3176,2,6,5,6,9,0
3499,g3177,4,4,4,5,7,0
3500,g3178,4,3,4,5,6,0
3501,g3179,4,5,4,5,8,0
3502,g3180,4,4,4,5,7,0
3503,g3181,4,3,4,5,6,0
3504,g3182,3,5,4,5,8,0
3505,g3183,2,6,6,7,9,0
3506,g3184,4,4,5,6,7,0
3507,g3185,4,3,4,5,6,0
3508,g3186,4,5,4,5,8,0
3509,g3187,4,4,5,6,7,0
3510,g3188,4,3,4,5,6,0
3511,g3189,4,5,4,5,8,0
3512,g3190,4,4,5,6,7,0
3513,g3191,4,3,4,5,6,0
3514,g3192,3,5,4,5,8,0
3515,g3193,2,6,5,6,9,0
3516,g3194,4,4,4,5,7,0
3517,g3195,4,3,4,5,6,0
3518,g3196,4,5,4,5,8,0
3519,g3197,4,4,4,5,7,0
3520,g3198,4,3,3,4,6,0
3521,g3199,4,5,3,4,8,0
3522,g3200,4,3,2,3,6,0
3523,g3201,3,4,3,4,7,0
3524,g3202,3,4,3,4,7,0
3525,g3203,3,4,3,4,7,0
3526,g3204,3,4,3,4,7,0
3527,g3205,3,4,3,4,7,0
3528,g3206,3,4,3,4,7,0
3529,g3207,3,4,3,4,7,0
3530,g3208,3,4,3,4,7,0
3531,g3209,3,4,3,4,7,0
3532,g3210,3,4,3,4,7,0
3533,g3211,3,4,3,4,7,0
3534,g3212,3,4,3,4,7,0
3535,g3213,3,4,3,4,7,0
3536,g3214,3,4,3,4,7,0
3537,g3215,3,4,3,4,7,0
3538,g3216,3,4,3,4,7,0
3539,g3217,3,4,3,4,7,0
3540,g3218,3,4,3,4,7,0
3541,g3219,3,4,3,4,7,0
3542,g3220,3,4,3,4,7,0
3543,g3221,3,4,3,4,7,0
3544,g3222,3,4,3,4,7,0
3545,g3223,3,4,3,4,7,0
3546,g3224,3,4,3,4,7,0
3547,g3225,3,4,3,4,7,0
3548,g3226,3,4,3,4,7,0
3549,g3227,3,4,3,4,7,0
3550,g3228,3,4,3,4,7,0
3551,g3229,3,4,3,4,7,0
3552,g3230,3,4,3,4,7,0
3553,g3231,3,4,3,4,7,0
3554,g3232,3,4,3,4,7,0
3555,g3233,3,4,3,4,7,0
3556,g3234,3,4,3,4,7,0
3557,g3235,3,4,3,4,7,0
3558,g3236,3,4,3,4,7,0
3559,g3237,3,4,3,4,7,0
3560,g3238,3,4,3,4,7,0
3561,g3239,3,4,3,4,7,0
3562,g3240,3,4,3,4,7,0
3563,g3241,3,4,3,4,7,0
3564,g3242,3,4,3,4,7,0
3565,g3243,3,4,3,4,7,0
3566,g3244,3,4,3,4,7,0
3567,g3245,3,4,3,4,7,0
3568,g3246,3,4,3,4,7,0
3569,g3247,3,4,3,4,7,0
3570,g3248,3,4,3,4,7,0
3571,g3249,3,4,3,4,7,0
3572,g3250,3,4,3,4,7,0
3573,g3251,3,4,3,4,7,0
3574,g3252,3,4,3,4,7,0
3575,g3253,3,4,3,4,7,0
3576,g3254,3,4,3,4,7,0
3577,g3255,3,4,3,4,7,0
3578,g3256,3,4,3,4,7,0
3579,g3257,3,4,3,4,7,0
3580,g3258,3,4,3,4,7,0
3581,g3259,3,4,3,4,7,0
3582,g3260,3,4,3,4,7,0
3583,g3261,3,4,3,4,7,0
3584,g3262,3,4,3,4,7,0
3585,g3263,6,4,1,2,7,0
3586,g3264,2,5,4,5,8,0
3587,g3265,2,5,4,5,8,0
3588,g3266,2,5,4,5,8,0
3589,g3267,2,5,4,5,8,0
3590,g3268,3,5,3,4,8,0
3591,g3269,3,5,3,4,8,0
3592,g3270,3,5,3,4,8,0
3593,g3271,3,5,3,4,8,0
3594,g3272,3,5,3,4,8,0
3595,g3273,3,5,3,4,8,0
3596,g3274,3,5,3,4,8,0
3597,g3275,3,5,3,4,8,0
3598,g3276,3,5,3,4,8,0
3599,g3277,3,5,3,4,8,0
3600,g3278,3,5,3,4,8,0
3601,g3279,3,5,3,4,8,0
3602,g3280,3,5,3,4,8,0
3603,g3281,3,5,3,4,8,0
3604,g3282,3,5,3,4,8,0
3605,g3283,3,5,3,4,8,0
3606,g3284,3,5,3,4,8,0
3607,g3285,3,5,3,4,8,0
3608,g3286,3,5,3,4,8,0
3609,g3287,3,5,3,4,8,0
3610,g3288,3,5,3,4,8,0
3611,g3289,3,5,3,4,8,0
3612,g3290,3,5,3,4,8,0
3613,g3291,3,5,3,4,8,0
3614,g3292,2,5,4,5,8,0
3615,g3293,2,4,2,3,7,0
3616,g3294,3,5,3,4,8,0
3617,g3295,3,5,3,4,8,0
3618,g3296,3,5,3,4,8,0
3619,g3297,3,5,3,4,8,0
3620,g3298,3,5,3,4,8,0
3621,g3299,3,5,3,4,8,0
3622,g3300,3,5,3,4,8,0
3623,g3301,3,5,3,4,8,0
3624,g3302,3,5,3,4,8,0
3625,g3303,3,5,3,4,8,0
3626,g3304,3,5,3,4,8,0
3627,g3305,3,5,3,4,8,0
3628,g3306,3,5,3,4,8,0
3629,g3307,3,5,3,4,8,0
3630,g3308,3,5,3,4,8,0
3631,g3309,3,5,3,4,8,0
3632,g3310,3,5,3,4,8,0
3633,g3311,3,5,3,4,8,0
3634,g3312,3,5,3,4,8,0
3635,g3313,3,5,3,4,8,0
3636,g3314,3,5,3,4,8,0
3637,g3315,3,5,3,4,8,0
3638,g3316,3,5,3,4,8,0
3639,g3317,3,5,3,4,8,0
3640,g3318,3,5,3,4,8,0
3641,g3319,3,5,3,4,8,0
3642,g3320,3,5,3,4,8,0
3643,g3321,3,5,3,4,8,0
3644,g3322,3,5,3,4,8,0
3645,g3323,3,5,3,4,8,0
3646,g3324,3,5,3,4,8,0
3647,g3325,3,5,3,4,8,0
3648,g3326,2,6,3,4,9,0
3649,g3327,2,5,3,4,8,0
3650,g3328,2,6,3,4,9,0
3651,g3329,1,6,3,4,9,0
3652,g3330,1,6,3,4,9,0
3653,g3331,2,6,3,4,9,0
3654,g3332,2,6,3,4,9,0
3655,g3333,2,6,3,4,9,0
3656,g3334,4,5,1,2,8,0
3657,g3335,1,0,3,4,9,0
3658,g3336,1,6,3,4,9,0
3659,g3337,1,6,3,4,9,0
3660,g3338,6,4,1,2,16,0
3661,g3339,4,4,2,3,16,0
3662,g3340,2,5,2,3,17,0
3663,g3341,8,5,1,2,17,0
3664,g3342,4,6,1,2,18,0
3665,g3343,4,6,1,2,18,0
3666,g3344,1,0,-1,1,4,1
3667,g3345,4,0,0,1,4,1
3668,g3346,4,0,2,3,5,1
3669,g3347,8,1,1,2,6,1
3670,g3348,8,0,1,2,6,1
3671,g3349,6,3,0,1,3,1
3672,g3350,6,0,0,1,4,1
3673,g3351,6,3,0,1,3,1
3674,g3352,6,3,0,1,3,1
3675,g3353,6,3,0,1,3,1
3676,g3354,6,3,0,1,3,1
3677,g3355,6,3,0,1,3,1
3678,g3356,6,0,0,1,4,1
3679,g3357,6,0,0,1,4,1
3680,g3358,6,0,0,1,3,1
3681,g3359,6,0,0,1,4,1
3682,g3360,6,0,0,1,4,1
3683,g3361,6,0,0,1,3,1
3684,g3362,6,0,0,1,4,1
3685,g3363,6,3,0,1,3,1
3686,g3364,6,3,0,1,3,1
3687,g3365,6,3,0,1,3,1
3688,g3366,6,3,0,1,3,1
3689,g3367,6,3,0,1,3,1
3690,g3368,6,0,0,1,4,1
3691,g3369,6,0,0,1,4,1
3692,g3370,6,0,0,1,4,1
3693,g3371,6,0,0,1,3,1
3694,g3372,6,0,0,1,3,1
3695,g3373,6,0,0,1,4,1
3696,g3374,6,0,0,1,3,1
