id,name,LGFi,FFi,FFo,Pi,Po,Trojan_gate,pred
0,n0,0.0,0.0,2.6826412034951805,0.0,3.0,0,0
1,n1,0.0,1.0,2.6826412034951805,0.0,7.0,0,0
2,n2[0],0.0,7.0,2.6826412034951805,0.0,10.0,0,0
3,n2[1],0.0,6.0,2.6826412034951805,0.0,9.0,0,0
4,n2[2],0.0,7.0,2.6826412034951805,0.0,10.0,0,0
5,n2[3],0.0,7.0,2.6826412034951805,0.0,10.0,0,0
6,n2[4],0.0,7.0,2.6826412034951805,0.0,10.0,0,0
7,n2[5],0.0,7.0,2.6826412034951805,0.0,10.0,0,0
8,n2[6],0.0,7.0,2.6826412034951805,0.0,10.0,0,0
9,n2[7],0.0,7.0,2.6826412034951805,0.0,10.0,0,0
10,n2[8],0.0,7.0,2.6826412034951805,0.0,10.0,0,0
11,n2[9],0.0,7.0,2.6826412034951805,0.0,10.0,0,0
12,n2[10],0.0,7.0,2.6826412034951805,0.0,9.0,0,0
13,n2[11],0.0,7.0,2.6826412034951805,0.0,9.0,0,0
14,n2[12],0.0,6.0,2.6826412034951805,0.0,8.0,0,0
15,n2[13],0.0,8.0,2.6826412034951805,0.0,8.0,0,0
16,n3[0],0.0,3.0,2.6826412034951805,0.0,3.0,0,0
17,n3[1],0.0,5.0,2.6826412034951805,0.0,5.0,0,0
18,n3[2],0.0,5.0,2.6826412034951805,0.0,5.0,0,0
19,n3[3],0.0,5.0,2.6826412034951805,0.0,5.0,0,0
20,n3[4],0.0,5.0,2.6826412034951805,0.0,5.0,0,0
21,n3[5],0.0,5.0,2.6826412034951805,0.0,5.0,0,0
22,n3[6],0.0,5.0,2.6826412034951805,0.0,5.0,0,0
23,n3[7],0.0,5.0,2.6826412034951805,0.0,5.0,0,0
24,n3[8],0.0,5.0,2.6826412034951805,0.0,5.0,0,0
25,n3[9],0.0,5.0,2.6826412034951805,0.0,5.0,0,0
26,n3[10],0.0,5.0,2.6826412034951805,0.0,5.0,0,0
27,n3[11],0.0,5.0,2.6826412034951805,0.0,5.0,0,0
28,n3[12],0.0,4.0,2.6826412034951805,0.0,4.0,0,0
29,n4[0],2.0,4.40409346894175,2.0,3.0,0.0,0,0
30,n4[1],2.0,4.40409346894175,2.0,3.0,0.0,0,0
31,n4[2],2.0,4.40409346894175,2.0,3.0,0.0,0,0
32,n4[3],2.0,4.40409346894175,2.0,3.0,0.0,0,0
33,n4[4],2.0,4.40409346894175,2.0,3.0,0.0,0,0
34,n4[5],2.0,4.40409346894175,2.0,3.0,0.0,0,0
35,n4[6],2.0,4.40409346894175,2.0,3.0,0.0,0,0
36,n4[7],2.0,4.40409346894175,2.0,3.0,0.0,0,0
37,n4[8],2.0,4.40409346894175,2.0,3.0,0.0,0,0
38,n4[9],2.0,4.40409346894175,2.0,3.0,0.0,0,0
39,n4[10],2.0,4.40409346894175,2.0,3.0,0.0,0,0
40,n4[11],2.0,4.40409346894175,2.0,3.0,0.0,0,0
41,n4[12],2.0,4.40409346894175,2.0,3.0,0.0,0,0
42,n5[0],2.0,4.40409346894175,2.0,3.0,0.0,0,0
43,n5[1],2.0,4.40409346894175,2.0,3.0,0.0,0,0
44,n5[2],2.0,4.40409346894175,2.0,3.0,0.0,0,0
45,n5[3],2.0,4.40409346894175,2.0,3.0,0.0,0,0
46,n5[4],2.0,4.40409346894175,2.0,3.0,0.0,0,0
47,n5[5],2.0,4.40409346894175,2.0,3.0,0.0,0,0
48,n5[6],2.0,4.40409346894175,2.0,3.0,0.0,0,0
49,n5[7],2.0,4.40409346894175,2.0,3.0,0.0,0,0
50,n5[8],2.0,4.40409346894175,2.0,3.0,0.0,0,0
51,n5[9],2.0,4.40409346894175,2.0,3.0,0.0,0,0
52,n5[10],2.0,4.40409346894175,2.0,3.0,0.0,0,0
53,n5[11],2.0,4.40409346894175,2.0,3.0,0.0,0,0
54,n5[12],2.0,4.40409346894175,2.0,3.0,0.0,0,0
55,n6[0],2.0,4.40409346894175,2.0,3.0,0.0,0,0
56,n6[1],2.0,4.40409346894175,2.0,3.0,0.0,0,0
57,n6[2],2.0,4.40409346894175,2.0,3.0,0.0,0,0
58,n6[3],2.0,4.40409346894175,2.0,3.0,0.0,0,0
59,n6[4],2.0,4.40409346894175,2.0,3.0,0.0,0,0
60,n6[5],2.0,4.40409346894175,2.0,3.0,0.0,0,0
61,n6[6],2.0,4.40409346894175,2.0,3.0,0.0,0,0
62,n6[7],2.0,4.40409346894175,2.0,3.0,0.0,0,0
63,n6[8],2.0,4.40409346894175,2.0,3.0,0.0,0,0
64,n6[9],2.0,4.40409346894175,2.0,3.0,0.0,0,0
65,n6[10],2.0,4.40409346894175,2.0,3.0,0.0,0,0
66,n6[11],2.0,4.40409346894175,2.0,3.0,0.0,0,0
67,n6[12],2.0,4.40409346894175,2.0,3.0,0.0,0,0
68,g0,4.0,4.40409346894175,1.0,2.0,4.0,0,0
69,g1,4.0,4.40409346894175,1.0,2.0,4.0,0,0
70,g2,4.0,4.40409346894175,1.0,2.0,4.0,0,0
71,g3,4.0,4.40409346894175,1.0,2.0,4.0,0,0
72,g4,4.0,4.40409346894175,1.0,2.0,4.0,0,0
73,g5,4.0,4.40409346894175,1.0,2.0,4.0,0,0
74,g6,4.0,4.40409346894175,1.0,2.0,4.0,0,0
75,g7,4.0,4.40409346894175,1.0,2.0,4.0,0,0
76,g8,4.0,4.40409346894175,1.0,2.0,4.0,0,0
77,g9,4.0,4.40409346894175,1.0,2.0,4.0,0,0
78,g10,4.0,4.40409346894175,1.0,2.0,4.0,0,0
79,g11,4.0,4.40409346894175,1.0,2.0,4.0,0,0
80,g12,4.0,4.40409346894175,1.0,2.0,4.0,0,0
81,g13,6.0,4.40409346894175,1.0,2.0,1.0,0,0
82,g14,6.0,4.40409346894175,1.0,2.0,1.0,0,0
83,g15,6.0,4.40409346894175,1.0,2.0,1.0,0,0
84,g16,6.0,4.40409346894175,1.0,2.0,1.0,0,0
85,g17,6.0,4.40409346894175,1.0,2.0,1.0,0,0
86,g18,6.0,4.40409346894175,1.0,2.0,1.0,0,0
87,g19,6.0,4.40409346894175,1.0,2.0,1.0,0,0
88,g20,6.0,4.40409346894175,1.0,2.0,1.0,0,0
89,g21,6.0,4.40409346894175,1.0,2.0,1.0,0,0
90,g22,6.0,4.40409346894175,1.0,2.0,1.0,0,0
91,g23,6.0,4.40409346894175,1.0,2.0,1.0,0,0
92,g24,6.0,4.40409346894175,1.0,2.0,1.0,0,0
93,g25,6.0,4.40409346894175,1.0,2.0,1.0,0,0
94,g26,6.0,4.40409346894175,1.0,2.0,1.0,0,0
95,g27,6.0,4.40409346894175,1.0,2.0,1.0,0,0
96,g28,6.0,4.40409346894175,1.0,2.0,1.0,0,0
97,g29,6.0,4.40409346894175,1.0,2.0,1.0,0,0
98,g30,6.0,4.40409346894175,1.0,2.0,1.0,0,0
99,g31,6.0,4.40409346894175,1.0,2.0,1.0,0,0
100,g32,6.0,4.40409346894175,1.0,2.0,1.0,0,0
101,g33,6.0,4.40409346894175,1.0,2.0,1.0,0,0
102,g34,6.0,4.40409346894175,1.0,2.0,1.0,0,0
103,g35,6.0,4.40409346894175,1.0,2.0,1.0,0,0
104,g36,6.0,4.40409346894175,1.0,2.0,1.0,0,0
105,g37,6.0,4.40409346894175,1.0,2.0,1.0,0,0
106,g38,6.0,4.40409346894175,1.0,2.0,1.0,0,0
107,g39,6.0,4.40409346894175,1.0,2.0,1.0,0,0
108,g40,6.0,4.40409346894175,1.0,2.0,1.0,0,0
109,g41,6.0,4.40409346894175,1.0,2.0,1.0,0,0
110,g42,6.0,4.40409346894175,1.0,2.0,1.0,0,0
111,g43,6.0,4.40409346894175,1.0,2.0,1.0,0,0
112,g44,6.0,4.40409346894175,1.0,2.0,1.0,0,0
113,g45,6.0,4.40409346894175,1.0,2.0,1.0,0,0
114,g46,6.0,4.40409346894175,1.0,2.0,1.0,0,0
115,g47,6.0,4.40409346894175,1.0,2.0,1.0,0,0
116,g48,6.0,4.40409346894175,1.0,2.0,1.0,0,0
117,g49,6.0,4.40409346894175,1.0,2.0,1.0,0,0
118,g50,6.0,4.40409346894175,1.0,2.0,1.0,0,0
119,g51,6.0,4.40409346894175,1.0,2.0,1.0,0,0
120,g52,4.0,4.40409346894175,3.0,3.0,2.0,0,0
121,g53,4.0,4.40409346894175,3.0,3.0,2.0,0,0
122,g54,4.0,4.40409346894175,3.0,3.0,2.0,0,0
123,g55,4.0,4.40409346894175,3.0,3.0,2.0,0,0
124,g56,4.0,4.40409346894175,3.0,3.0,2.0,0,0
125,g57,4.0,4.40409346894175,3.0,3.0,2.0,0,0
126,g58,4.0,4.40409346894175,3.0,3.0,2.0,0,0
127,g59,4.0,4.40409346894175,3.0,3.0,2.0,0,0
128,g60,4.0,4.40409346894175,3.0,3.0,2.0,0,0
129,g61,4.0,4.40409346894175,3.0,3.0,2.0,0,0
130,g62,4.0,4.40409346894175,3.0,3.0,2.0,0,0
131,g63,4.0,4.40409346894175,3.0,2.0,2.0,0,0
132,g64,3.0,4.40409346894175,3.0,1.0,2.0,0,0
133,g65,3.0,6.0,2.6826412034951805,1.0,9.0,0,0
134,g66,3.0,6.0,2.6826412034951805,1.0,9.0,0,0
135,g67,3.0,6.0,2.6826412034951805,1.0,9.0,0,0
136,g68,3.0,6.0,2.6826412034951805,1.0,9.0,0,0
137,g69,3.0,6.0,2.6826412034951805,1.0,9.0,0,0
138,g70,3.0,6.0,2.6826412034951805,1.0,9.0,0,0
139,g71,3.0,6.0,2.6826412034951805,1.0,9.0,0,0
140,g72,3.0,5.0,2.6826412034951805,1.0,8.0,0,0
141,g73,3.0,6.0,2.6826412034951805,1.0,9.0,0,0
142,g74,3.0,6.0,2.6826412034951805,1.0,9.0,0,0
143,g75,4.0,6.0,2.6826412034951805,3.0,9.0,0,0
144,g76,4.0,6.0,2.6826412034951805,3.0,9.0,0,0
145,g77,4.0,6.0,2.6826412034951805,3.0,9.0,0,0
146,g78,3.0,4.40409346894175,2.0,3.0,3.0,0,0
147,g79,3.0,4.40409346894175,2.0,3.0,3.0,0,0
148,g80,3.0,4.40409346894175,2.0,3.0,3.0,0,0
149,g81,3.0,4.40409346894175,2.0,3.0,3.0,0,0
150,g82,3.0,4.40409346894175,2.0,3.0,3.0,0,0
151,g83,3.0,4.40409346894175,2.0,3.0,3.0,0,0
152,g84,3.0,4.40409346894175,2.0,3.0,3.0,0,0
153,g85,3.0,4.40409346894175,2.0,3.0,3.0,0,0
154,g86,3.0,4.40409346894175,2.0,2.0,3.0,0,0
155,g87,3.0,4.40409346894175,2.0,3.0,3.0,0,0
156,g88,3.0,4.40409346894175,2.0,3.0,3.0,0,0
157,g89,4.0,6.0,2.6826412034951805,3.0,9.0,0,0
158,g90,4.0,6.0,2.6826412034951805,3.0,9.0,0,0
159,g91,4.0,6.0,2.6826412034951805,3.0,9.0,0,0
160,g92,4.0,6.0,2.6826412034951805,3.0,9.0,0,0
161,g93,4.0,6.0,2.6826412034951805,3.0,9.0,0,0
162,g94,4.0,6.0,2.6826412034951805,3.0,9.0,0,0
163,g95,4.0,6.0,2.6826412034951805,3.0,9.0,0,0
164,g96,4.0,5.0,2.6826412034951805,3.0,8.0,0,0
165,g97,3.0,6.0,2.6826412034951805,1.0,9.0,0,0
166,g98,3.0,6.0,2.6826412034951805,1.0,9.0,0,0
167,g99,3.0,6.0,2.6826412034951805,1.0,9.0,0,0
168,g100,3.0,6.0,2.6826412034951805,1.0,9.0,0,0
169,g101,3.0,6.0,2.6826412034951805,1.0,9.0,0,0
170,g102,3.0,6.0,2.6826412034951805,1.0,9.0,0,0
171,g103,3.0,6.0,2.6826412034951805,1.0,9.0,0,0
172,g104,3.0,5.0,2.6826412034951805,1.0,8.0,0,0
173,g105,3.0,6.0,2.6826412034951805,1.0,9.0,0,0
174,g106,3.0,6.0,2.6826412034951805,1.0,9.0,0,0
175,g107,3.0,6.0,2.6826412034951805,1.0,9.0,0,0
176,g108,3.0,6.0,2.6826412034951805,1.0,9.0,0,0
177,g109,4.0,6.0,2.6826412034951805,2.0,9.0,0,0
178,g110,3.0,5.0,2.6826412034951805,1.0,8.0,0,0
179,g111,3.0,5.0,2.6826412034951805,1.0,8.0,0,0
180,g112,2.0,6.0,2.6826412034951805,1.0,9.0,0,0
181,g113,2.0,4.0,2.6826412034951805,2.0,7.0,0,0
182,g114,2.0,6.0,2.6826412034951805,3.0,9.0,0,0
183,g115,2.0,6.0,2.6826412034951805,4.0,9.0,0,0
184,g116,2.0,6.0,2.6826412034951805,4.0,9.0,0,0
185,g117,2.0,4.40409346894175,2.0,3.0,3.0,0,0
186,g118,2.0,4.40409346894175,2.0,3.0,3.0,0,0
187,g119,3.0,5.0,2.6826412034951805,1.0,4.0,0,0
188,g120,4.0,7.0,2.6826412034951805,2.0,4.0,0,1
189,g121,4.0,7.0,2.6826412034951805,3.0,4.0,0,1
190,g122,4.0,7.0,2.6826412034951805,3.0,4.0,0,1
191,g123,2.0,6.0,2.6826412034951805,4.0,9.0,0,0
192,g124,2.0,6.0,2.6826412034951805,4.0,9.0,0,0
193,g125,2.0,6.0,2.6826412034951805,4.0,9.0,0,0
194,g126,2.0,6.0,2.6826412034951805,4.0,9.0,0,0
195,g127,2.0,5.0,2.6826412034951805,4.0,8.0,0,0
196,g128,2.0,6.0,2.6826412034951805,4.0,9.0,0,0
197,g129,2.0,6.0,2.6826412034951805,4.0,9.0,0,0
198,g130,4.0,7.0,2.6826412034951805,3.0,4.0,0,1
199,g131,4.0,7.0,2.6826412034951805,3.0,4.0,0,1
200,g132,4.0,7.0,2.6826412034951805,3.0,4.0,0,1
201,g133,4.0,7.0,2.6826412034951805,3.0,4.0,0,1
202,g134,4.0,6.0,2.6826412034951805,3.0,4.0,0,0
203,g135,4.0,7.0,2.6826412034951805,3.0,4.0,0,1
204,g136,4.0,7.0,2.6826412034951805,3.0,4.0,0,1
205,g137,2.0,4.40409346894175,2.6826412034951805,3.0,4.0,0,0
206,g138,2.0,4.40409346894175,2.6826412034951805,3.0,4.0,0,0
207,g139,3.0,3.0,0.0,1.0,2.0,0,0
208,g140,3.0,3.0,0.0,1.0,2.0,0,0
209,g141,3.0,3.0,0.0,1.0,2.0,0,0
210,g142,3.0,3.0,0.0,1.0,2.0,0,0
211,g143,3.0,3.0,0.0,1.0,2.0,0,0
212,g144,3.0,3.0,0.0,1.0,2.0,0,0
213,g145,3.0,3.0,0.0,1.0,2.0,0,0
214,g146,3.0,3.0,0.0,1.0,2.0,0,0
215,g147,3.0,3.0,0.0,1.0,2.0,0,0
216,g148,3.0,3.0,0.0,1.0,2.0,0,0
217,g149,3.0,3.0,0.0,1.0,2.0,0,0
218,g150,3.0,3.0,0.0,1.0,2.0,0,0
219,g151,3.0,3.0,0.0,1.0,2.0,0,0
220,g152,3.0,3.0,0.0,1.0,2.0,0,0
221,g153,3.0,3.0,0.0,1.0,2.0,0,0
222,g154,3.0,3.0,0.0,1.0,2.0,0,0
223,g155,3.0,3.0,0.0,1.0,2.0,0,0
224,g156,3.0,3.0,0.0,1.0,2.0,0,0
225,g157,3.0,3.0,0.0,1.0,2.0,0,0
226,g158,3.0,3.0,0.0,1.0,2.0,0,0
227,g159,3.0,3.0,0.0,1.0,2.0,0,0
228,g160,3.0,3.0,0.0,1.0,2.0,0,0
229,g161,3.0,3.0,0.0,1.0,2.0,0,0
230,g162,3.0,3.0,0.0,1.0,2.0,0,0
231,g163,3.0,3.0,0.0,1.0,2.0,0,0
232,g164,3.0,3.0,0.0,1.0,2.0,0,0
233,g165,3.0,3.0,0.0,1.0,2.0,0,0
234,g166,3.0,3.0,0.0,1.0,2.0,0,0
235,g167,3.0,3.0,0.0,1.0,2.0,0,0
236,g168,3.0,3.0,0.0,1.0,2.0,0,0
237,g169,3.0,3.0,0.0,1.0,2.0,0,0
238,g170,3.0,3.0,0.0,1.0,2.0,0,0
239,g171,3.0,3.0,0.0,1.0,2.0,0,0
240,g172,3.0,3.0,0.0,1.0,2.0,0,0
241,g173,3.0,3.0,0.0,1.0,2.0,0,0
242,g174,3.0,3.0,0.0,1.0,2.0,0,0
243,g175,3.0,3.0,0.0,1.0,2.0,0,0
244,g176,3.0,3.0,0.0,1.0,2.0,0,0
245,g177,3.0,3.0,0.0,1.0,2.0,0,0
246,g178,3.0,3.0,0.0,1.0,5.0,0,0
247,g179,3.0,3.0,0.0,1.0,5.0,0,0
248,g180,3.0,3.0,0.0,1.0,5.0,0,0
249,g181,3.0,3.0,0.0,1.0,5.0,0,0
250,g182,3.0,3.0,0.0,1.0,5.0,0,0
251,g183,3.0,3.0,0.0,1.0,5.0,0,0
252,g184,3.0,3.0,0.0,1.0,5.0,0,0
253,g185,3.0,3.0,0.0,1.0,5.0,0,0
254,g186,3.0,3.0,0.0,1.0,5.0,0,0
255,g187,3.0,3.0,0.0,1.0,5.0,0,0
256,g188,3.0,3.0,0.0,1.0,5.0,0,0
257,g189,3.0,3.0,0.0,1.0,5.0,0,0
258,g190,3.0,3.0,0.0,1.0,5.0,0,0
259,g191,3.0,2.0,0.0,1.0,11.0,0,0
260,g192,3.0,4.0,0.0,1.0,11.0,0,0
261,g193,3.0,4.0,0.0,1.0,11.0,0,0
262,g194,3.0,3.0,0.0,1.0,9.0,0,0
263,g195,3.0,3.0,0.0,1.0,7.0,0,0
264,g196,3.0,3.0,0.0,1.0,6.0,0,0
265,g197,3.0,0.0,3.0,1.0,10.0,0,0
266,g198,3.0,0.0,4.0,1.0,8.0,0,0
267,g199,2.0,0.0,4.0,1.0,7.0,0,0
268,g200,4.0,1.0,2.0,3.0,11.0,0,0
269,g201,4.0,1.0,3.0,4.0,9.0,0,0
270,g202,2.0,1.0,3.0,4.0,8.0,0,0
271,g203,3.0,2.0,2.0,3.0,9.0,0,0
272,g204,4.0,0.0,3.0,3.0,6.0,0,0
273,g205,4.0,0.0,3.0,3.0,6.0,0,0
274,g206,4.0,0.0,3.0,3.0,6.0,0,0
275,g207,4.0,0.0,3.0,3.0,6.0,0,0
276,g208,4.0,0.0,3.0,3.0,6.0,0,0
277,g209,4.0,0.0,3.0,3.0,6.0,0,0
278,g210,4.0,0.0,3.0,3.0,6.0,0,0
279,g211,4.0,0.0,3.0,4.0,3.0,0,0
280,g212,4.0,0.0,3.0,3.0,6.0,0,0
281,g213,4.0,0.0,3.0,3.0,6.0,0,0
282,g214,4.0,0.0,3.0,3.0,6.0,0,0
283,g215,4.0,0.0,3.0,3.0,6.0,0,0
284,g216,4.0,0.0,3.0,3.0,6.0,0,0
285,g217,4.0,0.0,3.0,3.0,6.0,0,0
286,g218,6.0,3.0,1.0,2.0,10.0,0,0
287,g219,3.0,1.0,5.0,2.0,7.0,0,0
288,g220,4.0,0.0,3.0,4.0,3.0,0,0
289,g221,3.0,1.0,2.0,2.0,7.0,0,0
290,g222,3.0,1.0,2.0,2.0,7.0,0,0
291,g223,3.0,1.0,5.0,2.0,7.0,0,0
292,g224,3.0,1.0,5.0,2.0,7.0,0,0
293,g225,3.0,1.0,2.0,2.0,7.0,0,0
294,g226,3.0,1.0,2.0,2.0,7.0,0,0
295,g227,3.0,1.0,5.0,2.0,7.0,0,0
296,g228,3.0,1.0,5.0,2.0,7.0,0,0
297,g229,3.0,1.0,2.0,2.0,7.0,0,0
298,g230,3.0,1.0,5.0,2.0,7.0,0,0
299,g231,3.0,1.0,5.0,2.0,7.0,0,0
300,g232,3.0,1.0,2.0,2.0,7.0,0,0
301,g233,3.0,1.0,2.0,2.0,7.0,0,0
302,g234,3.0,1.0,5.0,2.0,7.0,0,0
303,g235,4.0,0.0,3.0,4.0,3.0,0,0
304,g236,3.0,1.0,2.0,2.0,7.0,0,0
305,g237,3.0,1.0,2.0,2.0,7.0,0,0
306,g238,3.0,1.0,5.0,2.0,7.0,0,0
307,g239,3.0,1.0,5.0,2.0,7.0,0,0
308,g240,3.0,1.0,2.0,2.0,7.0,0,0
309,g241,3.0,1.0,2.0,2.0,7.0,0,0
310,g242,3.0,1.0,5.0,2.0,7.0,0,0
311,g243,3.0,1.0,5.0,2.0,7.0,0,0
312,g244,3.0,1.0,2.0,2.0,7.0,0,0
313,g245,3.0,1.0,5.0,2.0,7.0,0,0
314,g246,3.0,1.0,2.0,2.0,7.0,0,0
315,g247,4.0,4.0,2.0,3.0,11.0,0,0
316,g248,4.0,0.0,3.0,4.0,3.0,0,0
317,g249,4.0,0.0,3.0,4.0,3.0,0,0
318,g250,4.0,0.0,3.0,4.0,3.0,0,0
319,g251,4.0,0.0,3.0,4.0,3.0,0,0
320,g252,4.0,0.0,3.0,4.0,3.0,0,0
321,g253,4.0,0.0,3.0,4.0,3.0,0,0
322,g254,4.0,0.0,3.0,4.0,3.0,0,0
323,g255,4.0,0.0,3.0,4.0,3.0,0,0
324,g256,4.0,0.0,3.0,4.0,3.0,0,0
325,g257,4.0,0.0,3.0,4.0,3.0,0,0
326,g258,4.0,0.0,3.0,4.0,3.0,0,0
327,g259,4.0,0.0,3.0,4.0,3.0,0,0
328,g260,4.0,0.0,3.0,4.0,3.0,0,0
329,g261,4.0,0.0,3.0,4.0,3.0,0,0
330,g262,4.0,0.0,3.0,4.0,3.0,0,0
331,g263,4.0,0.0,3.0,4.0,3.0,0,0
332,g264,4.0,0.0,3.0,4.0,3.0,0,0
333,g265,4.0,0.0,3.0,4.0,3.0,0,0
334,g266,4.0,0.0,3.0,4.0,3.0,0,0
335,g267,4.0,0.0,3.0,4.0,3.0,0,0
336,g268,4.0,0.0,3.0,4.0,3.0,0,0
337,g269,4.0,0.0,3.0,4.0,3.0,0,0
338,g270,4.0,0.0,3.0,4.0,3.0,0,0
339,g271,4.0,0.0,3.0,4.0,3.0,0,0
340,g272,4.0,0.0,3.0,4.0,3.0,0,0
341,g273,4.0,0.0,3.0,4.0,3.0,0,0
342,g274,4.0,0.0,3.0,4.0,3.0,0,0
343,g275,4.0,0.0,3.0,4.0,3.0,0,0
344,g276,4.0,0.0,3.0,4.0,3.0,0,0
345,g277,4.0,0.0,3.0,4.0,3.0,0,0
346,g278,4.0,0.0,3.0,4.0,3.0,0,0
347,g279,4.0,0.0,3.0,4.0,3.0,0,0
348,g280,4.0,0.0,3.0,4.0,3.0,0,0
349,g281,4.0,0.0,3.0,4.0,3.0,0,0
350,g282,4.0,1.0,3.0,4.0,4.0,0,0
351,g283,4.0,0.0,3.0,4.0,3.0,0,0
352,g284,4.0,0.0,3.0,4.0,3.0,0,0
353,g285,3.0,1.0,2.0,3.0,4.0,0,0
354,g286,3.0,1.0,2.0,3.0,4.0,0,0
355,g287,3.0,1.0,2.0,3.0,4.0,0,0
356,g288,3.0,1.0,2.0,3.0,4.0,0,0
357,g289,3.0,1.0,2.0,3.0,4.0,0,0
358,g290,3.0,1.0,2.0,3.0,4.0,0,0
359,g291,3.0,1.0,2.0,3.0,4.0,0,0
360,g292,3.0,1.0,2.0,3.0,4.0,0,0
361,g293,3.0,1.0,2.0,3.0,4.0,0,0
362,g294,3.0,1.0,2.0,3.0,4.0,0,0
363,g295,3.0,1.0,2.0,3.0,4.0,0,0
364,g296,3.0,1.0,2.0,3.0,4.0,0,0
365,g297,3.0,1.0,2.0,3.0,4.0,0,0
366,g298,3.0,1.0,2.0,3.0,4.0,0,0
367,g299,3.0,1.0,2.0,3.0,4.0,0,0
368,g300,3.0,1.0,2.0,3.0,4.0,0,0
369,g301,3.0,1.0,2.0,3.0,4.0,0,0
370,g302,3.0,1.0,2.0,3.0,4.0,0,0
371,g303,3.0,1.0,2.0,3.0,4.0,0,0
372,g304,3.0,1.0,2.0,3.0,4.0,0,0
373,g305,3.0,1.0,2.0,3.0,4.0,0,0
374,g306,3.0,1.0,2.0,3.0,4.0,0,0
375,g307,3.0,1.0,2.0,3.0,4.0,0,0
376,g308,3.0,1.0,2.0,3.0,4.0,0,0
377,g309,3.0,1.0,2.0,3.0,4.0,0,0
378,g310,3.0,1.0,2.0,3.0,4.0,0,0
379,g311,3.0,1.0,2.0,3.0,4.0,0,0
380,g312,3.0,1.0,2.0,3.0,4.0,0,0
381,g313,3.0,1.0,2.0,3.0,4.0,0,0
382,g314,3.0,1.0,2.0,3.0,4.0,0,0
383,g315,3.0,1.0,2.0,3.0,4.0,0,0
384,g316,3.0,1.0,2.0,3.0,4.0,0,0
385,g317,3.0,1.0,2.0,3.0,4.0,0,0
386,g318,3.0,1.0,2.0,3.0,4.0,0,0
387,g319,3.0,1.0,2.0,3.0,4.0,0,0
388,g320,3.0,1.0,2.0,3.0,4.0,0,0
389,g321,4.0,5.0,3.0,4.0,12.0,0,0
390,g322,4.0,2.0,3.0,3.0,5.0,0,0
391,g323,4.0,1.0,3.0,4.0,4.0,0,0
392,g324,2.0,2.0,4.0,1.0,8.0,0,0
393,g325,3.0,0.0,4.0,1.0,12.0,0,0
394,g326,4.0,1.0,3.0,4.0,4.0,0,0
395,g327,4.0,1.0,3.0,4.0,4.0,0,0
396,g328,4.0,1.0,3.0,4.0,4.0,0,0
397,g329,4.0,1.0,2.0,3.0,4.0,0,0
398,g330,4.0,1.0,3.0,4.0,4.0,0,0
399,g331,4.0,1.0,3.0,4.0,4.0,0,0
400,g332,4.0,1.0,3.0,4.0,4.0,0,0
401,g333,4.0,1.0,3.0,4.0,4.0,0,0
402,g334,4.0,1.0,3.0,4.0,4.0,0,0
403,g335,4.0,1.0,3.0,4.0,4.0,0,0
404,g336,4.0,1.0,2.0,3.0,4.0,0,0
405,g337,4.0,1.0,3.0,4.0,4.0,0,0
406,g338,4.0,1.0,3.0,4.0,4.0,0,0
407,g339,4.0,1.0,3.0,4.0,4.0,0,0
408,g340,4.0,1.0,3.0,4.0,4.0,0,0
409,g341,4.0,1.0,3.0,4.0,4.0,0,0
410,g342,4.0,1.0,3.0,4.0,4.0,0,0
411,g343,4.0,1.0,3.0,4.0,4.0,0,0
412,g344,4.0,1.0,3.0,4.0,4.0,0,0
413,g345,4.0,1.0,3.0,4.0,4.0,0,0
414,g346,4.0,1.0,3.0,4.0,4.0,0,0
415,g347,4.0,1.0,3.0,4.0,4.0,0,0
416,g348,4.0,1.0,3.0,4.0,4.0,0,0
417,g349,4.0,1.0,3.0,4.0,4.0,0,0
418,g350,4.0,1.0,3.0,4.0,4.0,0,0
419,g351,4.0,1.0,3.0,4.0,4.0,0,0
420,g352,4.0,1.0,3.0,4.0,4.0,0,0
421,g353,4.0,1.0,3.0,4.0,4.0,0,0
422,g354,3.0,0.0,2.0,1.0,12.0,0,0
423,g355,3.0,0.0,4.0,1.0,12.0,0,0
424,g356,4.0,1.0,3.0,4.0,4.0,0,0
425,g357,4.0,1.0,3.0,4.0,4.0,0,0
426,g358,4.0,1.0,3.0,4.0,4.0,0,0
427,g359,4.0,1.0,3.0,4.0,4.0,0,0
428,g360,4.0,1.0,3.0,4.0,4.0,0,0
429,g361,4.0,1.0,2.0,3.0,4.0,0,0
430,g362,4.0,1.0,3.0,4.0,4.0,0,0
431,g363,4.0,1.0,3.0,4.0,4.0,0,0
432,g364,4.0,1.0,3.0,4.0,4.0,0,0
433,g365,3.0,2.0,3.0,1.0,8.0,0,0
434,g366,3.0,2.0,2.0,3.0,5.0,0,0
435,g367,3.0,2.0,2.0,3.0,5.0,0,0
436,g368,3.0,2.0,2.0,3.0,5.0,0,0
437,g369,3.0,2.0,2.0,3.0,5.0,0,0
438,g370,3.0,2.0,2.0,3.0,5.0,0,0
439,g371,3.0,2.0,2.0,3.0,5.0,0,0
440,g372,3.0,2.0,2.0,3.0,5.0,0,0
441,g373,3.0,2.0,2.0,3.0,5.0,0,0
442,g374,3.0,2.0,2.0,3.0,5.0,0,0
443,g375,3.0,2.0,2.0,3.0,5.0,0,0
444,g376,3.0,2.0,2.0,3.0,5.0,0,0
445,g377,3.0,2.0,2.0,3.0,5.0,0,0
446,g378,3.0,2.0,2.0,3.0,5.0,0,0
447,g379,3.0,2.0,2.0,3.0,5.0,0,0
448,g380,3.0,1.0,2.0,3.0,4.0,0,0
449,g381,3.0,2.0,2.0,3.0,5.0,0,0
450,g382,3.0,2.0,2.0,3.0,5.0,0,0
451,g383,3.0,2.0,2.0,3.0,5.0,0,0
452,g384,3.0,2.0,2.0,3.0,5.0,0,0
453,g385,3.0,2.0,2.0,3.0,5.0,0,0
454,g386,3.0,2.0,2.0,3.0,5.0,0,0
455,g387,3.0,1.0,2.0,3.0,4.0,0,0
456,g388,3.0,2.0,2.0,3.0,5.0,0,0
457,g389,3.0,2.0,2.0,3.0,5.0,0,0
458,g390,2.0,2.0,2.0,3.0,5.0,0,0
459,g391,2.0,2.0,2.0,3.0,5.0,0,0
460,g392,2.0,2.0,2.0,3.0,5.0,0,0
461,g393,2.0,2.0,2.0,3.0,5.0,0,0
462,g394,2.0,2.0,2.0,3.0,5.0,0,0
463,g395,2.0,2.0,2.0,3.0,5.0,0,0
464,g396,2.0,2.0,2.0,3.0,5.0,0,0
465,g397,2.0,2.0,2.0,3.0,5.0,0,0
466,g398,2.0,2.0,2.0,3.0,5.0,0,0
467,g399,2.0,2.0,2.0,3.0,5.0,0,0
468,g400,2.0,2.0,2.0,3.0,5.0,0,0
469,g401,2.0,2.0,2.0,3.0,5.0,0,0
470,g402,2.0,3.0,3.0,4.0,9.0,0,0
471,g403,6.0,1.0,1.0,2.0,13.0,0,1
472,g404,3.0,2.0,2.0,3.0,5.0,0,0
473,g405,3.0,2.0,2.0,3.0,5.0,0,0
474,g406,3.0,2.0,2.0,3.0,5.0,0,0
475,g407,3.0,2.0,2.0,3.0,5.0,0,0
476,g408,3.0,2.0,2.0,3.0,5.0,0,0
477,g409,3.0,2.0,2.0,3.0,5.0,0,0
478,g410,3.0,1.0,2.0,3.0,4.0,0,0
479,g411,3.0,2.0,2.0,3.0,5.0,0,0
480,g412,3.0,2.0,2.0,3.0,5.0,0,0
481,g413,3.0,2.0,2.0,3.0,5.0,0,0
482,g414,3.0,2.0,2.0,3.0,5.0,0,0
483,g415,3.0,2.0,2.0,3.0,5.0,0,0
484,g416,3.0,2.0,2.0,3.0,5.0,0,0
485,g417,4.0,6.0,2.0,3.0,13.0,0,0
486,g418,4.0,3.0,2.0,2.0,6.0,0,0
487,g419,6.0,2.0,1.0,2.0,5.0,0,0
488,g420,3.0,2.0,2.0,3.0,5.0,0,0
489,g421,6.0,2.0,1.0,2.0,5.0,0,0
490,g422,4.0,1.0,3.0,4.0,13.0,0,0
491,g423,6.0,2.0,1.0,2.0,5.0,0,0
492,g424,4.0,1.0,3.0,4.0,13.0,0,0
493,g425,4.0,3.0,2.0,3.0,9.0,0,0
494,g426,4.0,2.0,3.0,2.0,5.0,0,0
495,g427,4.0,2.0,3.0,2.0,5.0,0,0
496,g428,4.0,2.0,3.0,2.0,5.0,0,0
497,g429,4.0,2.0,3.0,2.0,5.0,0,0
498,g430,4.0,2.0,3.0,2.0,5.0,0,0
499,g431,4.0,2.0,3.0,2.0,5.0,0,0
500,g432,4.0,2.0,3.0,2.0,5.0,0,0
501,g433,4.0,2.0,3.0,2.0,5.0,0,0
502,g434,4.0,2.0,3.0,2.0,5.0,0,0
503,g435,4.0,2.0,3.0,2.0,5.0,0,0
504,g436,4.0,2.0,3.0,2.0,5.0,0,0
505,g437,4.0,2.0,3.0,2.0,5.0,0,0
506,g438,4.0,2.0,3.0,2.0,5.0,0,0
507,g439,2.0,3.0,5.0,4.0,6.0,0,0
508,g440,2.0,3.0,5.0,4.0,6.0,0,0
509,g441,2.0,3.0,5.0,4.0,6.0,0,0
510,g442,2.0,3.0,5.0,4.0,6.0,0,0
511,g443,2.0,3.0,5.0,4.0,6.0,0,0
512,g444,2.0,3.0,5.0,4.0,6.0,0,0
513,g445,2.0,2.0,3.0,4.0,14.0,0,0
514,g446,2.0,2.0,3.0,4.0,14.0,0,0
515,g447,3.0,3.0,4.0,3.0,6.0,0,0
516,g448,3.0,3.0,4.0,3.0,6.0,0,0
517,g449,3.0,3.0,4.0,3.0,6.0,0,0
518,g450,3.0,3.0,4.0,3.0,6.0,0,0
519,g451,3.0,3.0,4.0,3.0,6.0,0,0
520,g452,3.0,3.0,4.0,3.0,6.0,0,0
521,g453,3.0,3.0,4.0,3.0,6.0,0,0
522,g454,3.0,3.0,2.0,3.0,6.0,0,0
523,g455,2.0,3.0,5.0,4.0,6.0,0,0
524,g456,2.0,3.0,5.0,4.0,6.0,0,0
525,g457,2.0,3.0,5.0,4.0,6.0,0,0
526,g458,2.0,3.0,5.0,4.0,6.0,0,0
527,g459,2.0,3.0,5.0,3.0,6.0,0,0
528,g460,2.0,3.0,5.0,4.0,6.0,0,0
529,g461,6.0,7.0,1.0,2.0,14.0,0,0
530,g462,3.0,2.0,2.0,3.0,14.0,0,0
531,g463,3.0,2.0,2.0,3.0,14.0,0,0
532,g464,5.0,4.0,1.0,2.0,10.0,0,0
533,g465,3.0,3.0,4.0,3.0,6.0,0,0
534,g466,3.0,3.0,4.0,3.0,6.0,0,0
535,g467,3.0,3.0,4.0,3.0,6.0,0,0
536,g468,3.0,3.0,4.0,3.0,6.0,0,0
537,g469,3.0,3.0,4.0,2.0,6.0,0,0
538,g470,3.0,3.0,4.0,3.0,6.0,0,0
539,g471,6.0,2.0,1.0,2.0,5.0,0,0
540,g472,4.0,8.0,2.0,3.0,15.0,0,0
541,g473,4.0,6.0,2.0,3.0,13.0,0,0
542,g474,3.0,4.0,3.0,2.0,7.0,0,0
543,g475,2.0,3.0,2.0,3.0,11.0,0,0
544,g476,4.0,2.0,2.0,3.0,10.0,0,0
545,g477,6.0,3.0,1.0,2.0,6.0,0,0
546,g478,6.0,2.0,1.0,2.0,12.0,0,0
547,g479,3.0,3.0,2.0,1.0,6.0,0,0
548,g480,2.0,3.0,2.0,3.0,8.0,0,0
549,g481,2.0,3.0,2.6826412034951805,2.0,6.0,0,0
550,g482,8.0,9.0,1.0,2.0,16.0,0,0
551,g483,8.0,7.0,1.0,2.0,14.0,0,0
552,g484,5.0,3.0,1.0,2.0,7.0,0,0
553,g485,2.0,4.0,2.0,1.0,7.0,0,0
554,g486,5.0,3.0,1.0,2.0,9.0,0,0
555,g487,8.0,7.0,1.0,2.0,14.0,0,0
556,g488,3.0,4.0,2.6826412034951805,1.0,7.0,0,0
557,g489,8.0,4.0,1.0,2.0,10.0,0,0
558,g490,8.0,5.0,1.0,2.0,12.0,0,0
559,g491,8.0,9.0,1.0,2.0,16.0,0,0
560,g492,8.0,7.0,1.0,2.0,14.0,0,0
561,g493,8.0,2.0,1.0,2.0,12.0,0,1
562,g494,4.0,2.0,1.0,2.0,5.0,0,0
563,g495,4.0,2.0,1.0,2.0,5.0,0,0
564,g496,4.0,2.0,1.0,2.0,5.0,0,0
565,g497,4.0,2.0,1.0,2.0,5.0,0,0
566,g498,4.0,2.0,1.0,2.0,5.0,0,0
567,g499,4.0,2.0,1.0,2.0,5.0,0,0
568,g500,4.0,2.0,1.0,2.0,5.0,0,0
569,g501,4.0,2.0,1.0,2.0,5.0,0,0
570,g502,4.0,2.0,1.0,2.0,5.0,0,0
571,g503,4.0,2.0,1.0,2.0,5.0,0,0
572,g504,4.0,2.0,1.0,2.0,5.0,0,0
573,g505,4.0,2.0,1.0,2.0,5.0,0,0
574,g506,4.0,2.0,1.0,2.0,5.0,0,0
575,g507,4.0,2.0,1.0,2.0,5.0,0,0
576,g508,4.0,2.0,1.0,2.0,5.0,0,0
577,g509,4.0,2.0,1.0,2.0,5.0,0,0
578,g510,4.0,2.0,1.0,2.0,5.0,0,0
579,g511,4.0,2.0,1.0,2.0,5.0,0,0
580,g512,4.0,2.0,1.0,2.0,5.0,0,0
581,g513,4.0,2.0,1.0,2.0,5.0,0,0
582,g514,4.0,2.0,1.0,2.0,5.0,0,0
583,g515,4.0,2.0,1.0,2.0,5.0,0,0
584,g516,4.0,2.0,1.0,2.0,5.0,0,0
585,g517,4.0,2.0,1.0,2.0,5.0,0,0
586,g518,4.0,2.0,1.0,2.0,5.0,0,0
587,g519,4.0,2.0,1.0,2.0,5.0,0,0
588,g520,4.0,2.0,1.0,2.0,5.0,0,0
589,g521,4.0,2.0,1.0,2.0,5.0,0,0
590,g522,4.0,2.0,1.0,2.0,5.0,0,0
591,g523,4.0,2.0,1.0,2.0,5.0,0,0
592,g524,4.0,2.0,1.0,2.0,5.0,0,0
593,g525,4.0,2.0,1.0,2.0,5.0,0,0
594,g526,4.0,2.0,1.0,2.0,5.0,0,0
595,g527,4.0,2.0,1.0,2.0,5.0,0,0
596,g528,4.0,2.0,1.0,2.0,5.0,0,0
597,g529,4.0,4.0,1.0,2.0,10.0,0,0
598,g530,4.0,3.0,1.0,2.0,15.0,0,0
599,g531,4.0,3.0,1.0,2.0,15.0,0,0
600,g532,4.0,2.0,1.0,2.0,6.0,0,0
601,g533,4.0,2.0,1.0,2.0,6.0,0,0
602,g534,4.0,2.0,1.0,2.0,6.0,0,0
603,g535,4.0,2.0,1.0,2.0,6.0,0,0
604,g536,4.0,2.0,1.0,2.0,6.0,0,0
605,g537,4.0,2.0,1.0,2.0,6.0,0,0
606,g538,4.0,2.0,1.0,2.0,7.0,0,0
607,g539,4.0,2.0,1.0,2.0,6.0,0,0
608,g540,4.0,2.0,1.0,2.0,6.0,0,0
609,g541,4.0,2.0,1.0,2.0,6.0,0,0
610,g542,4.0,2.0,1.0,2.0,6.0,0,0
611,g543,4.0,4.0,1.0,2.0,8.0,0,0
612,g544,4.0,2.0,1.0,2.0,6.0,0,0
613,g545,4.0,2.0,1.0,2.0,6.0,0,0
614,g546,2.0,3.0,2.6826412034951805,6.0,6.0,0,0
615,g547,2.0,3.0,2.6826412034951805,4.0,6.0,0,0
616,g548,2.0,3.0,2.6826412034951805,3.0,6.0,0,0
617,g549,2.0,3.0,2.6826412034951805,4.0,6.0,0,0
618,g550,2.0,3.0,2.6826412034951805,4.0,6.0,0,0
619,g551,2.0,3.0,2.6826412034951805,4.0,6.0,0,0
620,g552,2.0,3.0,2.6826412034951805,6.0,6.0,0,0
621,g553,2.0,3.0,2.6826412034951805,4.0,6.0,0,0
622,g554,2.0,3.0,2.6826412034951805,4.0,6.0,0,0
623,g555,2.0,3.0,3.0,4.0,15.0,0,0
624,g556,2.0,3.0,2.6826412034951805,3.0,6.0,0,0
625,g557,2.0,3.0,2.0,3.0,15.0,0,0
626,g558,2.0,3.0,2.6826412034951805,6.0,6.0,0,0
627,g559,2.0,3.0,2.6826412034951805,4.0,6.0,0,0
628,g560,2.0,3.0,2.6826412034951805,4.0,6.0,0,0
629,g561,1.0,3.0,2.6826412034951805,3.0,6.0,0,0
630,g562,2.0,3.0,2.6826412034951805,6.0,6.0,0,0
631,g563,2.0,3.0,2.6826412034951805,6.0,6.0,0,0
632,g564,2.0,3.0,2.6826412034951805,6.0,6.0,0,0
633,g565,2.0,3.0,2.6826412034951805,4.0,6.0,0,0
634,g566,2.0,3.0,2.6826412034951805,4.0,6.0,0,0
635,g567,2.0,3.0,2.6826412034951805,6.0,6.0,0,0
636,g568,2.0,3.0,2.6826412034951805,4.0,6.0,0,0
637,g569,2.0,2.0,2.6826412034951805,4.0,5.0,0,0
638,g570,2.0,3.0,2.6826412034951805,4.0,6.0,0,0
639,g571,2.0,3.0,2.6826412034951805,4.0,6.0,0,0
640,g572,2.0,3.0,2.6826412034951805,4.0,6.0,0,0
641,g573,2.0,3.0,2.6826412034951805,4.0,6.0,0,0
642,g574,2.0,2.0,2.6826412034951805,4.0,5.0,0,0
643,g575,2.0,3.0,2.6826412034951805,4.0,6.0,0,0
644,g576,2.0,3.0,2.6826412034951805,4.0,6.0,0,0
645,g577,2.0,3.0,2.6826412034951805,4.0,6.0,0,0
646,g578,2.0,3.0,2.6826412034951805,5.0,6.0,0,0
647,g579,2.0,3.0,2.6826412034951805,5.0,6.0,0,0
648,g580,2.0,3.0,2.6826412034951805,6.0,6.0,0,0
649,g581,2.0,2.0,2.6826412034951805,5.0,5.0,0,0
650,g582,2.0,3.0,2.6826412034951805,4.0,6.0,0,0
651,g583,2.0,3.0,2.6826412034951805,4.0,6.0,0,0
652,g584,2.0,3.0,2.6826412034951805,4.0,6.0,0,0
653,g585,2.0,3.0,2.6826412034951805,6.0,6.0,0,0
654,g586,2.0,2.0,2.6826412034951805,2.0,7.0,0,0
655,g587,2.0,2.0,2.6826412034951805,3.0,7.0,0,0
656,g588,4.0,2.0,1.0,2.0,5.0,0,0
657,g589,2.0,2.0,2.6826412034951805,3.0,7.0,0,0
658,g590,2.0,2.0,2.6826412034951805,3.0,7.0,0,0
659,g591,2.0,2.0,2.6826412034951805,3.0,7.0,0,0
660,g592,2.0,2.0,2.6826412034951805,3.0,7.0,0,0
661,g593,2.0,2.0,2.6826412034951805,3.0,7.0,0,0
662,g594,2.0,2.0,2.6826412034951805,3.0,7.0,0,0
663,g595,2.0,4.0,2.6826412034951805,3.0,7.0,0,0
664,g596,2.0,2.0,2.6826412034951805,3.0,7.0,0,0
665,g597,2.0,2.0,2.6826412034951805,3.0,7.0,0,0
666,g598,2.0,2.0,2.6826412034951805,3.0,7.0,0,0
667,g599,2.0,2.0,2.6826412034951805,3.0,7.0,0,0
668,g600,1.0,2.0,2.6826412034951805,1.0,7.0,0,0
669,g601,4.0,4.0,2.6826412034951805,2.0,7.0,0,0
670,g602,4.0,5.0,2.6826412034951805,4.0,8.0,0,0
671,g603,4.0,4.0,2.6826412034951805,3.0,7.0,0,0
672,g604,4.0,6.0,2.6826412034951805,3.0,9.0,0,0
673,g605,4.0,5.0,2.6826412034951805,4.0,8.0,0,0
674,g606,4.0,4.0,2.6826412034951805,3.0,7.0,0,0
675,g607,4.0,6.0,2.6826412034951805,3.0,9.0,0,0
676,g608,4.0,5.0,2.6826412034951805,4.0,8.0,0,0
677,g609,4.0,4.0,2.6826412034951805,3.0,7.0,0,0
678,g610,4.0,6.0,2.6826412034951805,3.0,9.0,0,0
679,g611,4.0,5.0,2.6826412034951805,4.0,8.0,0,0
680,g612,4.0,4.0,2.6826412034951805,3.0,7.0,0,0
681,g613,4.0,6.0,2.6826412034951805,3.0,9.0,0,0
682,g614,4.0,5.0,2.6826412034951805,4.0,8.0,0,0
683,g615,4.0,4.0,2.6826412034951805,3.0,7.0,0,0
684,g616,4.0,6.0,2.6826412034951805,3.0,9.0,0,0
685,g617,4.0,5.0,2.6826412034951805,4.0,8.0,0,0
686,g618,4.0,4.0,2.6826412034951805,3.0,7.0,0,0
687,g619,4.0,6.0,2.6826412034951805,3.0,9.0,0,0
688,g620,4.0,5.0,2.6826412034951805,4.0,8.0,0,0
689,g621,4.0,4.0,2.6826412034951805,3.0,7.0,0,0
690,g622,4.0,6.0,2.6826412034951805,3.0,9.0,0,0
691,g623,4.0,5.0,2.6826412034951805,4.0,8.0,0,0
692,g624,4.0,4.0,2.6826412034951805,3.0,7.0,0,0
693,g625,4.0,6.0,2.6826412034951805,3.0,9.0,0,0
694,g626,4.0,5.0,2.6826412034951805,4.0,8.0,0,0
695,g627,4.0,4.0,2.6826412034951805,3.0,7.0,0,0
696,g628,3.0,6.0,2.6826412034951805,3.0,9.0,0,0
697,g629,2.0,7.0,2.6826412034951805,4.0,10.0,0,0
698,g630,4.0,5.0,2.6826412034951805,3.0,8.0,0,0
699,g631,4.0,4.0,2.6826412034951805,3.0,7.0,0,0
700,g632,4.0,6.0,2.6826412034951805,3.0,9.0,0,0
701,g633,4.0,5.0,2.6826412034951805,3.0,8.0,0,0
702,g634,4.0,3.0,2.6826412034951805,3.0,6.0,0,0
703,g635,4.0,6.0,2.6826412034951805,3.0,9.0,0,0
704,g636,4.0,4.0,2.6826412034951805,3.0,7.0,0,0
705,g637,3.0,5.0,2.6826412034951805,2.0,8.0,0,0
706,g638,3.0,5.0,2.6826412034951805,2.0,8.0,0,0
707,g639,3.0,5.0,2.6826412034951805,2.0,8.0,0,0
708,g640,3.0,5.0,2.6826412034951805,2.0,8.0,0,0
709,g641,3.0,5.0,2.6826412034951805,2.0,8.0,0,0
710,g642,3.0,5.0,2.6826412034951805,2.0,8.0,0,0
711,g643,3.0,5.0,2.6826412034951805,2.0,8.0,0,0
712,g644,3.0,5.0,2.6826412034951805,2.0,8.0,0,0
713,g645,3.0,5.0,2.6826412034951805,2.0,8.0,0,0
714,g646,3.0,5.0,2.6826412034951805,2.0,8.0,0,0
715,g647,3.0,4.0,2.6826412034951805,2.0,7.0,0,0
716,g648,2.0,6.0,2.6826412034951805,3.0,9.0,0,0
717,g649,2.0,6.0,2.6826412034951805,3.0,9.0,0,0
718,g650,2.0,6.0,2.6826412034951805,3.0,9.0,0,0
719,g651,2.0,6.0,2.6826412034951805,3.0,9.0,0,0
720,g652,2.0,6.0,2.6826412034951805,3.0,9.0,0,0
721,g653,2.0,4.0,2.6826412034951805,3.0,7.0,0,0
722,g654,4.0,5.0,2.6826412034951805,2.0,8.0,0,0
723,g655,2.0,6.0,2.6826412034951805,3.0,9.0,0,0
724,g656,2.0,6.0,2.6826412034951805,3.0,9.0,0,0
725,g657,2.0,6.0,2.6826412034951805,3.0,9.0,0,0
726,g658,3.0,6.0,2.6826412034951805,2.0,9.0,0,0
727,g659,3.0,6.0,2.6826412034951805,2.0,9.0,0,0
728,g660,2.0,6.0,2.6826412034951805,3.0,9.0,0,0
729,g661,1.0,7.0,2.6826412034951805,5.0,10.0,0,0
730,g662,1.0,7.0,2.6826412034951805,5.0,10.0,0,0
731,g663,2.0,7.0,2.6826412034951805,2.0,10.0,0,0
732,g664,2.0,7.0,2.6826412034951805,2.0,10.0,0,0
733,g665,2.0,7.0,2.6826412034951805,2.0,10.0,0,0
734,g666,2.0,7.0,2.6826412034951805,2.0,10.0,0,0
735,g667,1.0,7.0,2.6826412034951805,5.0,10.0,0,0
736,g668,2.0,7.0,2.6826412034951805,2.0,10.0,0,0
737,g669,1.0,7.0,2.6826412034951805,5.0,10.0,0,0
738,g670,1.0,7.0,2.6826412034951805,5.0,10.0,0,0
739,g671,1.0,7.0,2.6826412034951805,5.0,10.0,0,0
740,g672,2.0,7.0,2.6826412034951805,2.0,10.0,0,0
741,g673,1.0,7.0,2.6826412034951805,5.0,10.0,0,0
742,g674,2.0,7.0,2.6826412034951805,2.0,10.0,0,0
743,g675,1.0,7.0,2.6826412034951805,5.0,10.0,0,0
744,g676,1.0,7.0,2.6826412034951805,4.0,10.0,0,0
745,g677,2.0,7.0,2.6826412034951805,2.0,10.0,0,0
746,g678,2.0,5.0,2.6826412034951805,2.0,8.0,0,0
747,g679,2.0,7.0,2.6826412034951805,2.0,10.0,0,0
748,g680,2.0,5.0,2.6826412034951805,3.0,8.0,0,0
749,g681,4.0,4.0,2.6826412034951805,2.0,7.0,0,0
750,g682,4.0,5.0,2.6826412034951805,3.0,8.0,0,0
751,g683,4.0,4.0,2.6826412034951805,3.0,7.0,0,0
752,g684,4.0,6.0,2.6826412034951805,3.0,9.0,0,0
753,g685,4.0,5.0,2.6826412034951805,3.0,8.0,0,0
754,g686,4.0,4.0,2.6826412034951805,3.0,7.0,0,0
755,g687,3.0,6.0,2.6826412034951805,3.0,9.0,0,0
756,g688,2.0,7.0,2.6826412034951805,5.0,10.0,0,0
757,g689,4.0,5.0,2.6826412034951805,4.0,8.0,0,0
758,g690,4.0,4.0,2.6826412034951805,3.0,7.0,0,0
759,g691,3.0,6.0,2.6826412034951805,3.0,9.0,0,0
760,g692,2.0,7.0,2.6826412034951805,4.0,10.0,0,0
761,g693,4.0,5.0,2.6826412034951805,3.0,8.0,0,0
762,g694,4.0,4.0,2.6826412034951805,3.0,7.0,0,0
763,g695,4.0,6.0,2.6826412034951805,3.0,9.0,0,0
764,g696,4.0,5.0,2.6826412034951805,3.0,8.0,0,0
765,g697,4.0,4.0,2.6826412034951805,3.0,7.0,0,0
766,g698,4.0,6.0,2.6826412034951805,3.0,9.0,0,0
767,g699,4.0,5.0,2.6826412034951805,3.0,8.0,0,0
768,g700,4.0,4.0,2.6826412034951805,3.0,7.0,0,0
769,g701,4.0,6.0,2.6826412034951805,3.0,9.0,0,0
770,g702,4.0,5.0,2.6826412034951805,3.0,8.0,0,0
771,g703,4.0,4.0,2.6826412034951805,3.0,7.0,0,0
772,g704,4.0,6.0,2.6826412034951805,3.0,9.0,0,0
773,g705,4.0,5.0,2.6826412034951805,3.0,8.0,0,0
774,g706,4.0,4.0,2.6826412034951805,3.0,7.0,0,0
775,g707,4.0,6.0,2.6826412034951805,3.0,9.0,0,0
776,g708,4.0,5.0,2.6826412034951805,3.0,8.0,0,0
777,g709,4.0,4.0,2.6826412034951805,3.0,7.0,0,0
778,g710,4.0,6.0,2.6826412034951805,3.0,9.0,0,0
779,g711,4.0,5.0,2.6826412034951805,3.0,8.0,0,0
780,g712,4.0,4.0,2.6826412034951805,3.0,7.0,0,0
781,g713,4.0,6.0,2.6826412034951805,3.0,9.0,0,0
782,g714,4.0,3.0,2.6826412034951805,3.0,6.0,0,0
783,g715,3.0,5.0,2.6826412034951805,2.0,8.0,0,0
784,g716,3.0,5.0,2.6826412034951805,2.0,8.0,0,0
785,g717,4.0,5.0,2.6826412034951805,2.0,8.0,0,0
786,g718,3.0,5.0,2.6826412034951805,2.0,8.0,0,0
787,g719,3.0,5.0,2.6826412034951805,2.0,8.0,0,0
788,g720,3.0,5.0,2.6826412034951805,2.0,8.0,0,0
789,g721,3.0,5.0,2.6826412034951805,2.0,8.0,0,0
790,g722,3.0,5.0,2.6826412034951805,2.0,8.0,0,0
791,g723,3.0,5.0,2.6826412034951805,2.0,8.0,0,0
792,g724,3.0,5.0,2.6826412034951805,2.0,8.0,0,0
793,g725,3.0,4.0,2.6826412034951805,2.0,7.0,0,0
794,g726,3.0,6.0,2.6826412034951805,2.0,9.0,0,0
795,g727,2.0,6.0,2.6826412034951805,3.0,9.0,0,0
796,g728,4.0,6.0,2.6826412034951805,2.0,9.0,0,0
797,g729,3.0,6.0,2.6826412034951805,2.0,9.0,0,0
798,g730,2.0,4.0,2.6826412034951805,3.0,7.0,0,0
799,g731,3.0,6.0,2.6826412034951805,2.0,9.0,0,0
800,g732,3.0,6.0,2.6826412034951805,2.0,9.0,0,0
801,g733,3.0,6.0,2.6826412034951805,2.0,9.0,0,0
802,g734,3.0,6.0,2.6826412034951805,2.0,9.0,0,0
803,g735,3.0,6.0,2.6826412034951805,2.0,9.0,0,0
804,g736,3.0,6.0,2.6826412034951805,2.0,9.0,0,0
805,g737,1.0,7.0,2.6826412034951805,5.0,10.0,0,0
806,g738,1.0,5.0,2.6826412034951805,5.0,8.0,0,0
807,g739,2.0,7.0,2.6826412034951805,2.0,10.0,0,0
808,g740,2.0,5.0,2.6826412034951805,2.0,8.0,0,0
809,g741,4.0,7.0,2.6826412034951805,2.0,10.0,0,0
810,g742,4.0,8.0,2.6826412034951805,2.0,11.0,0,0
811,g743,4.0,7.0,2.6826412034951805,2.0,10.0,0,0
812,g744,4.0,9.0,2.6826412034951805,2.0,12.0,0,0
813,g745,4.0,8.0,2.6826412034951805,2.0,11.0,0,0
814,g746,4.0,7.0,2.6826412034951805,2.0,10.0,0,0
815,g747,4.0,9.0,2.6826412034951805,2.0,12.0,0,0
816,g748,4.0,8.0,2.6826412034951805,2.0,11.0,0,0
817,g749,4.0,7.0,2.6826412034951805,2.0,10.0,0,0
818,g750,4.0,9.0,2.6826412034951805,2.0,12.0,0,0
819,g751,4.0,8.0,2.6826412034951805,2.0,11.0,0,0
820,g752,4.0,7.0,2.6826412034951805,2.0,10.0,0,0
821,g753,3.0,9.0,2.6826412034951805,2.0,12.0,0,0
822,g754,2.0,10.0,2.6826412034951805,4.0,13.0,0,1
823,g755,4.0,8.0,2.6826412034951805,3.0,11.0,0,0
824,g756,4.0,7.0,2.6826412034951805,2.0,10.0,0,0
825,g757,4.0,9.0,2.6826412034951805,2.0,12.0,0,0
826,g758,4.0,8.0,2.6826412034951805,3.0,11.0,0,0
827,g759,4.0,7.0,2.6826412034951805,2.0,10.0,0,0
828,g760,3.0,9.0,2.6826412034951805,2.0,12.0,0,0
829,g761,2.0,10.0,2.6826412034951805,3.0,13.0,0,1
830,g762,4.0,8.0,2.6826412034951805,2.0,11.0,0,0
831,g763,4.0,7.0,2.6826412034951805,2.0,10.0,0,0
832,g764,4.0,9.0,2.6826412034951805,2.0,12.0,0,0
833,g765,4.0,8.0,2.6826412034951805,2.0,11.0,0,0
834,g766,4.0,7.0,2.6826412034951805,2.0,10.0,0,0
835,g767,4.0,9.0,2.6826412034951805,2.0,12.0,0,0
836,g768,4.0,8.0,2.6826412034951805,2.0,11.0,0,0
837,g769,4.0,7.0,2.6826412034951805,2.0,10.0,0,0
838,g770,4.0,9.0,2.6826412034951805,2.0,12.0,0,0
839,g771,4.0,8.0,2.6826412034951805,2.0,11.0,0,0
840,g772,4.0,7.0,2.6826412034951805,2.0,10.0,0,0
841,g773,4.0,9.0,2.6826412034951805,2.0,12.0,0,0
842,g774,4.0,8.0,2.6826412034951805,2.0,11.0,0,0
843,g775,4.0,6.0,2.6826412034951805,2.0,9.0,0,0
844,g776,4.0,9.0,2.6826412034951805,2.0,12.0,0,0
845,g777,4.0,5.0,2.6826412034951805,2.0,8.0,0,0
846,g778,2.0,8.0,2.6826412034951805,1.0,11.0,0,0
847,g779,2.0,8.0,2.6826412034951805,1.0,11.0,0,0
848,g780,2.0,8.0,2.6826412034951805,1.0,11.0,0,0
849,g781,2.0,8.0,2.6826412034951805,1.0,11.0,0,0
850,g782,2.0,8.0,2.6826412034951805,1.0,11.0,0,0
851,g783,2.0,8.0,2.6826412034951805,1.0,11.0,0,0
852,g784,2.0,8.0,2.6826412034951805,1.0,11.0,0,0
853,g785,2.0,8.0,2.6826412034951805,1.0,11.0,0,0
854,g786,2.0,8.0,2.6826412034951805,1.0,11.0,0,0
855,g787,2.0,8.0,2.6826412034951805,1.0,11.0,0,0
856,g788,2.0,8.0,2.6826412034951805,1.0,11.0,0,0
857,g789,2.0,7.0,2.6826412034951805,1.0,10.0,0,0
858,g790,2.0,9.0,2.6826412034951805,2.0,12.0,0,0
859,g791,2.0,9.0,2.6826412034951805,1.0,12.0,0,0
860,g792,2.0,9.0,2.6826412034951805,2.0,12.0,0,0
861,g793,2.0,9.0,2.6826412034951805,1.0,12.0,0,0
862,g794,2.0,9.0,2.6826412034951805,1.0,12.0,0,0
863,g795,2.0,6.0,2.6826412034951805,2.0,9.0,0,0
864,g796,2.0,6.0,2.6826412034951805,1.0,9.0,0,0
865,g797,2.0,9.0,2.6826412034951805,1.0,12.0,0,0
866,g798,2.0,9.0,2.6826412034951805,1.0,12.0,0,0
867,g799,2.0,9.0,2.6826412034951805,1.0,12.0,0,0
868,g800,2.0,9.0,2.6826412034951805,1.0,12.0,0,0
869,g801,2.0,9.0,2.6826412034951805,1.0,12.0,0,0
870,g802,2.0,9.0,2.6826412034951805,1.0,12.0,0,0
871,g803,1.0,10.0,2.6826412034951805,1.0,13.0,0,0
872,g804,1.0,10.0,2.6826412034951805,1.0,13.0,0,0
873,g805,1.0,7.0,2.6826412034951805,1.0,10.0,0,0
874,g806,1.0,10.0,2.6826412034951805,1.0,13.0,0,0
875,g807,1.0,10.0,2.6826412034951805,1.0,13.0,0,0
876,g808,1.0,7.0,2.6826412034951805,1.0,10.0,0,0
877,g809,4.0,4.0,2.6826412034951805,4.0,7.0,0,0
878,g810,4.0,5.0,2.6826412034951805,6.0,8.0,0,0
879,g811,4.0,4.0,2.6826412034951805,5.0,7.0,0,0
880,g812,4.0,6.0,2.6826412034951805,5.0,9.0,0,0
881,g813,4.0,5.0,2.6826412034951805,6.0,8.0,0,0
882,g814,4.0,4.0,2.6826412034951805,5.0,7.0,0,0
883,g815,4.0,6.0,2.6826412034951805,5.0,9.0,0,0
884,g816,4.0,5.0,2.6826412034951805,6.0,8.0,0,0
885,g817,4.0,4.0,2.6826412034951805,5.0,7.0,0,0
886,g818,4.0,6.0,2.6826412034951805,5.0,9.0,0,0
887,g819,4.0,5.0,2.6826412034951805,6.0,8.0,0,0
888,g820,4.0,4.0,2.6826412034951805,5.0,7.0,0,0
889,g821,4.0,6.0,2.6826412034951805,5.0,9.0,0,0
890,g822,4.0,5.0,2.6826412034951805,6.0,8.0,0,0
891,g823,4.0,4.0,2.6826412034951805,5.0,7.0,0,0
892,g824,4.0,6.0,2.6826412034951805,5.0,9.0,0,0
893,g825,4.0,5.0,2.6826412034951805,6.0,8.0,0,0
894,g826,4.0,4.0,2.6826412034951805,5.0,7.0,0,0
895,g827,4.0,6.0,2.6826412034951805,5.0,9.0,0,0
896,g828,4.0,5.0,2.6826412034951805,6.0,8.0,0,0
897,g829,4.0,4.0,2.6826412034951805,5.0,7.0,0,0
898,g830,4.0,6.0,2.6826412034951805,5.0,9.0,0,0
899,g831,4.0,5.0,2.6826412034951805,6.0,8.0,0,0
900,g832,4.0,4.0,2.6826412034951805,5.0,7.0,0,0
901,g833,3.0,6.0,2.6826412034951805,5.0,9.0,0,0
902,g834,2.0,7.0,2.6826412034951805,6.0,10.0,0,0
903,g835,4.0,5.0,2.6826412034951805,5.0,8.0,0,0
904,g836,4.0,4.0,2.6826412034951805,5.0,7.0,0,0
905,g837,4.0,6.0,2.6826412034951805,5.0,9.0,0,0
906,g838,4.0,5.0,2.6826412034951805,4.0,8.0,0,0
907,g839,4.0,4.0,2.6826412034951805,4.0,7.0,0,0
908,g840,4.0,6.0,2.6826412034951805,4.0,9.0,0,0
909,g841,4.0,3.0,2.6826412034951805,4.0,6.0,0,0
910,g842,3.0,5.0,2.6826412034951805,4.0,8.0,0,0
911,g843,3.0,5.0,2.6826412034951805,4.0,8.0,0,0
912,g844,3.0,5.0,2.6826412034951805,4.0,8.0,0,0
913,g845,3.0,5.0,2.6826412034951805,4.0,8.0,0,0
914,g846,3.0,5.0,2.6826412034951805,4.0,8.0,0,0
915,g847,3.0,5.0,2.6826412034951805,4.0,8.0,0,0
916,g848,3.0,5.0,2.6826412034951805,4.0,8.0,0,0
917,g849,3.0,5.0,2.6826412034951805,4.0,8.0,0,0
918,g850,3.0,5.0,2.6826412034951805,4.0,8.0,0,0
919,g851,3.0,5.0,2.6826412034951805,3.0,8.0,0,0
920,g852,3.0,5.0,2.6826412034951805,3.0,8.0,0,0
921,g853,2.0,6.0,2.6826412034951805,5.0,9.0,0,0
922,g854,2.0,6.0,2.6826412034951805,5.0,9.0,0,0
923,g855,2.0,6.0,2.6826412034951805,5.0,9.0,0,0
924,g856,2.0,6.0,2.6826412034951805,5.0,9.0,0,0
925,g857,2.0,6.0,2.6826412034951805,5.0,9.0,0,0
926,g858,2.0,4.0,2.6826412034951805,4.0,7.0,0,0
927,g859,4.0,4.0,2.6826412034951805,3.0,7.0,0,0
928,g860,2.0,6.0,2.6826412034951805,5.0,9.0,0,0
929,g861,2.0,6.0,2.6826412034951805,5.0,9.0,0,0
930,g862,3.0,6.0,2.6826412034951805,4.0,9.0,0,0
931,g863,3.0,6.0,2.6826412034951805,3.0,9.0,0,0
932,g864,2.0,6.0,2.6826412034951805,5.0,9.0,0,0
933,g865,1.0,7.0,2.6826412034951805,5.0,10.0,0,0
934,g866,2.0,7.0,2.6826412034951805,4.0,10.0,0,0
935,g867,2.0,7.0,2.6826412034951805,4.0,10.0,0,0
936,g868,2.0,7.0,2.6826412034951805,4.0,10.0,0,0
937,g869,2.0,7.0,2.6826412034951805,4.0,10.0,0,0
938,g870,1.0,7.0,2.6826412034951805,5.0,10.0,0,0
939,g871,1.0,7.0,2.6826412034951805,5.0,10.0,0,0
940,g872,2.0,7.0,2.6826412034951805,4.0,10.0,0,0
941,g873,1.0,7.0,2.6826412034951805,5.0,10.0,0,0
942,g874,1.0,7.0,2.6826412034951805,5.0,10.0,0,0
943,g875,2.0,7.0,2.6826412034951805,4.0,10.0,0,0
944,g876,2.0,5.0,2.6826412034951805,4.0,8.0,0,0
945,g877,2.0,7.0,2.6826412034951805,4.0,10.0,0,0
946,g878,2.0,5.0,2.6826412034951805,3.0,8.0,0,0
947,g879,1.0,7.0,2.6826412034951805,5.0,10.0,0,0
948,g880,2.0,7.0,2.6826412034951805,4.0,10.0,0,0
949,g881,1.0,7.0,2.6826412034951805,5.0,10.0,0,0
950,g882,1.0,7.0,2.6826412034951805,5.0,10.0,0,0
951,g883,6.0,4.0,1.0,2.0,16.0,0,0
952,g884,4.0,4.0,2.0,3.0,16.0,0,0
953,g885,2.0,5.0,2.0,3.0,17.0,0,0
954,g886,8.0,5.0,1.0,2.0,17.0,0,0
955,g887,4.0,6.0,1.0,2.0,18.0,0,0
956,g888,4.0,6.0,1.0,2.0,18.0,0,0
957,g889,1.0,6.0,2.6826412034951805,1.0,6.0,1,0
958,g890,3.0,5.0,2.6826412034951805,2.0,5.0,1,0
959,g891,4.0,6.0,2.6826412034951805,2.0,6.0,1,0
960,g892,4.0,7.0,2.6826412034951805,2.0,7.0,1,0
961,g893,2.0,8.0,2.6826412034951805,2.0,8.0,1,1
962,g894,2.0,7.0,2.6826412034951805,1.0,7.0,1,0
963,g895,2.0,8.0,2.6826412034951805,1.0,8.0,1,1
964,g896,1.0,9.0,2.6826412034951805,1.0,9.0,1,1
965,g897,1.0,9.0,2.6826412034951805,1.0,9.0,1,1
966,g898,3.0,3.0,2.6826412034951805,1.0,3.0,1,0
967,g899,4.0,3.0,2.6826412034951805,2.0,3.0,1,0
968,g900,2.0,4.0,2.6826412034951805,2.0,4.0,1,0
969,g901,3.0,4.0,2.6826412034951805,1.0,4.0,1,0
970,g902,4.0,3.0,2.6826412034951805,2.0,3.0,1,0
971,g903,2.0,5.0,2.6826412034951805,3.0,5.0,1,0
972,g904,2.0,4.0,2.6826412034951805,2.0,4.0,1,0
973,g905,3.0,4.0,2.6826412034951805,1.0,4.0,1,0
974,g906,4.0,3.0,2.6826412034951805,2.0,3.0,1,0
975,g907,2.0,5.0,2.6826412034951805,3.0,5.0,1,0
976,g908,2.0,4.0,2.6826412034951805,2.0,4.0,1,0
977,g909,3.0,4.0,2.6826412034951805,1.0,4.0,1,0
978,g910,4.0,3.0,2.6826412034951805,2.0,3.0,1,0
979,g911,2.0,5.0,2.6826412034951805,3.0,5.0,1,0
980,g912,2.0,4.0,2.6826412034951805,2.0,4.0,1,0
981,g913,3.0,4.0,2.6826412034951805,1.0,4.0,1,0
982,g914,4.0,3.0,2.6826412034951805,2.0,3.0,1,0
983,g915,2.0,5.0,2.6826412034951805,3.0,5.0,1,0
984,g916,2.0,4.0,2.6826412034951805,2.0,4.0,1,0
985,g917,3.0,4.0,2.6826412034951805,1.0,4.0,1,0
986,g918,4.0,3.0,2.6826412034951805,2.0,3.0,1,0
987,g919,2.0,5.0,2.6826412034951805,3.0,5.0,1,0
988,g920,2.0,4.0,2.6826412034951805,2.0,4.0,1,0
989,g921,3.0,4.0,2.6826412034951805,1.0,4.0,1,0
990,g922,4.0,3.0,2.6826412034951805,2.0,3.0,1,0
991,g923,2.0,5.0,2.6826412034951805,3.0,5.0,1,0
992,g924,2.0,4.0,2.6826412034951805,2.0,4.0,1,0
993,g925,3.0,4.0,2.6826412034951805,1.0,4.0,1,0
994,g926,4.0,3.0,2.6826412034951805,2.0,3.0,1,0
995,g927,2.0,5.0,2.6826412034951805,3.0,5.0,1,0
996,g928,2.0,4.0,2.6826412034951805,2.0,4.0,1,0
997,g929,3.0,4.0,2.6826412034951805,1.0,4.0,1,0
998,g930,4.0,3.0,2.6826412034951805,2.0,3.0,1,0
999,g931,2.0,5.0,2.6826412034951805,3.0,5.0,1,0
1000,g932,2.0,4.0,2.6826412034951805,2.0,4.0,1,0
1001,g933,3.0,4.0,2.6826412034951805,1.0,4.0,1,0
1002,g934,4.0,3.0,2.6826412034951805,2.0,3.0,1,0
1003,g935,2.0,5.0,2.6826412034951805,3.0,5.0,1,0
1004,g936,2.0,4.0,2.6826412034951805,2.0,4.0,1,0
1005,g937,3.0,4.0,2.6826412034951805,1.0,4.0,1,0
1006,g938,4.0,3.0,2.6826412034951805,2.0,3.0,1,0
1007,g939,2.0,5.0,2.6826412034951805,3.0,5.0,1,0
1008,g940,2.0,4.0,2.6826412034951805,2.0,4.0,1,0
1009,g941,3.0,4.0,2.6826412034951805,1.0,4.0,1,0
1010,g942,1.0,5.0,2.6826412034951805,1.0,5.0,1,0
1011,g943,1.0,5.0,2.6826412034951805,1.0,5.0,1,0
1012,g944,1.0,5.0,2.6826412034951805,1.0,5.0,1,0
1013,g945,2.0,5.0,2.6826412034951805,3.0,5.0,1,0
1014,g946,1.0,5.0,2.6826412034951805,1.0,5.0,1,0
1015,g947,1.0,5.0,2.6826412034951805,1.0,5.0,1,0
1016,g948,1.0,5.0,2.6826412034951805,1.0,5.0,1,0
1017,g949,1.0,5.0,2.6826412034951805,1.0,5.0,1,0
1018,g950,1.0,5.0,2.6826412034951805,1.0,5.0,1,0
1019,g951,1.0,5.0,2.6826412034951805,1.0,5.0,1,0
1020,g952,1.0,5.0,2.6826412034951805,1.0,5.0,1,0
1021,g953,1.0,5.0,2.6826412034951805,1.0,5.0,1,0
