id,name,LGFi,FFi,FFo,Pi,Po
0,n0,0,0,-1,0,2
1,n1,0,1,-1,0,6
2,n2[0],0,1,-1,0,4
3,n2[1],0,1,-1,0,4
4,n2[2],0,1,-1,0,4
5,n2[3],0,1,-1,0,4
6,n2[4],0,1,-1,0,4
7,n2[5],0,1,-1,0,4
8,n2[6],0,1,-1,0,4
9,n2[7],0,1,-1,0,4
10,n2[8],0,2,-1,0,4
11,n2[9],0,2,-1,0,4
12,n2[10],0,2,-1,0,4
13,n2[11],0,2,-1,0,4
14,n2[12],0,2,-1,0,4
15,n2[13],0,2,-1,0,4
16,n2[14],0,2,-1,0,4
17,n2[15],0,2,-1,0,4
18,n2[16],0,2,-1,0,4
19,n2[17],0,2,-1,0,4
20,n2[18],0,2,-1,0,4
21,n2[19],0,2,-1,0,4
22,n2[20],0,2,-1,0,4
23,n2[21],0,2,-1,0,4
24,n2[22],0,2,-1,0,4
25,n2[23],0,2,-1,0,4
26,n2[24],0,2,-1,0,4
27,n2[25],0,2,-1,0,4
28,n2[26],0,2,-1,0,4
29,n2[27],0,2,-1,0,4
30,n2[28],0,2,-1,0,4
31,n2[29],0,2,-1,0,4
32,n2[30],0,2,-1,0,4
33,n2[31],0,2,-1,0,4
34,n2[32],0,2,-1,0,4
35,n2[33],0,2,-1,0,4
36,n2[34],0,2,-1,0,4
37,n2[35],0,2,-1,0,4
38,n2[36],0,2,-1,0,4
39,n2[37],0,2,-1,0,4
40,n2[38],0,2,-1,0,4
41,n2[39],0,2,-1,0,4
42,n2[40],0,2,-1,0,4
43,n2[41],0,2,-1,0,4
44,n2[42],0,2,-1,0,4
45,n2[43],0,2,-1,0,4
46,n2[44],0,2,-1,0,4
47,n2[45],0,2,-1,0,4
48,n2[46],0,2,-1,0,4
49,n2[47],0,2,-1,0,4
50,n2[48],0,2,-1,0,4
51,n2[49],0,2,-1,0,4
52,n2[50],0,2,-1,0,4
53,n2[51],0,2,-1,0,4
54,n2[52],0,2,-1,0,4
55,n2[53],0,2,-1,0,4
56,n2[54],0,2,-1,0,4
57,n2[55],0,2,-1,0,4
58,n2[56],0,2,-1,0,4
59,n2[57],0,2,-1,0,4
60,n2[58],0,2,-1,0,4
61,n2[59],0,2,-1,0,4
62,n2[60],0,2,-1,0,4
63,n2[61],0,2,-1,0,4
64,n2[62],0,2,-1,0,4
65,n2[63],0,2,-1,0,4
66,n2[64],0,2,-1,0,4
67,n2[65],0,2,-1,0,4
68,n2[66],0,2,-1,0,4
69,n2[67],0,2,-1,0,4
70,n2[68],0,2,-1,0,4
71,n2[69],0,2,-1,0,4
72,n2[70],0,2,-1,0,4
73,n2[71],0,2,-1,0,4
74,n2[72],0,2,-1,0,4
75,n2[73],0,2,-1,0,4
76,n2[74],0,2,-1,0,4
77,n2[75],0,2,-1,0,4
78,n2[76],0,2,-1,0,4
79,n2[77],0,2,-1,0,4
80,n2[78],0,2,-1,0,4
81,n2[79],0,2,-1,0,4
82,n2[80],0,2,-1,0,4
83,n2[81],0,2,-1,0,4
84,n2[82],0,2,-1,0,4
85,n2[83],0,2,-1,0,4
86,n2[84],0,2,-1,0,4
87,n2[85],0,2,-1,0,4
88,n2[86],0,2,-1,0,4
89,n2[87],0,2,-1,0,4
90,n2[88],0,2,-1,0,4
91,n2[89],0,2,-1,0,4
92,n2[90],0,2,-1,0,4
93,n2[91],0,2,-1,0,4
94,n2[92],0,2,-1,0,4
95,n2[93],0,2,-1,0,4
96,n2[94],0,2,-1,0,4
97,n2[95],0,2,-1,0,4
98,n2[96],0,2,-1,0,4
99,n2[97],0,2,-1,0,4
100,n2[98],0,2,-1,0,4
101,n2[99],0,2,-1,0,4
102,n2[100],0,2,-1,0,4
103,n2[101],0,2,-1,0,4
104,n2[102],0,2,-1,0,4
105,n2[103],0,2,-1,0,4
106,n2[104],0,2,-1,0,4
107,n2[105],0,2,-1,0,4
108,n2[106],0,2,-1,0,4
109,n2[107],0,2,-1,0,4
110,n2[108],0,2,-1,0,4
111,n2[109],0,2,-1,0,4
112,n2[110],0,2,-1,0,4
113,n2[111],0,2,-1,0,4
114,n2[112],0,2,-1,0,4
115,n2[113],0,2,-1,0,4
116,n2[114],0,2,-1,0,4
117,n2[115],0,2,-1,0,4
118,n2[116],0,2,-1,0,4
119,n2[117],0,2,-1,0,4
120,n2[118],0,2,-1,0,4
121,n2[119],0,2,-1,0,4
122,n2[120],0,2,-1,0,4
123,n2[121],0,2,-1,0,4
124,n2[122],0,2,-1,0,4
125,n2[123],0,2,-1,0,4
126,n2[124],0,2,-1,0,4
127,n2[125],0,2,-1,0,4
128,n2[126],0,2,-1,0,4
129,n2[127],0,2,-1,0,4
130,n3[0],4,-1,1,2,0
131,n3[1],4,-1,1,2,0
132,n3[2],4,-1,1,2,0
133,n3[3],4,-1,1,2,0
134,n3[4],4,-1,1,2,0
135,n3[5],4,-1,1,2,0
136,n3[6],4,-1,1,2,0
137,n3[7],4,-1,1,2,0
138,n3[8],4,-1,1,2,0
139,n3[9],4,-1,1,2,0
140,n3[10],4,-1,1,2,0
141,n3[11],4,-1,1,2,0
142,n3[12],4,-1,1,2,0
143,n3[13],4,-1,1,2,0
144,n3[14],4,-1,1,2,0
145,n3[15],4,-1,1,2,0
146,n3[16],4,-1,1,2,0
147,n3[17],4,-1,1,2,0
148,n3[18],4,-1,1,2,0
149,n3[19],4,-1,1,2,0
150,n3[20],4,-1,1,2,0
151,n3[21],4,-1,1,2,0
152,n3[22],4,-1,1,2,0
153,n3[23],4,-1,1,2,0
154,n3[24],4,-1,1,2,0
155,n3[25],4,-1,1,2,0
156,n3[26],4,-1,1,2,0
157,n3[27],4,-1,1,2,0
158,n3[28],4,-1,1,2,0
159,n3[29],4,-1,1,2,0
160,n3[30],4,-1,1,2,0
161,n3[31],4,-1,1,2,0
162,n3[32],4,-1,1,2,0
163,n3[33],4,-1,1,2,0
164,n3[34],4,-1,1,2,0
165,n3[35],4,-1,1,2,0
166,n3[36],4,-1,1,2,0
167,n3[37],4,-1,1,2,0
168,n3[38],4,-1,1,2,0
169,n3[39],4,-1,1,2,0
170,n3[40],4,-1,1,2,0
171,n3[41],4,-1,1,2,0
172,n3[42],4,-1,1,2,0
173,n3[43],4,-1,1,2,0
174,n3[44],4,-1,1,2,0
175,n3[45],4,-1,1,2,0
176,n3[46],4,-1,1,2,0
177,n3[47],4,-1,1,2,0
178,n3[48],4,-1,1,2,0
179,n3[49],4,-1,1,2,0
180,n3[50],4,-1,1,2,0
181,n3[51],4,-1,1,2,0
182,n3[52],4,-1,1,2,0
183,n3[53],4,-1,1,2,0
184,n3[54],4,-1,1,2,0
185,n3[55],4,-1,1,2,0
186,n3[56],4,-1,1,2,0
187,n3[57],4,-1,1,2,0
188,n3[58],4,-1,1,2,0
189,n3[59],4,-1,1,2,0
190,n3[60],4,-1,1,2,0
191,n3[61],4,-1,1,2,0
192,n3[62],4,-1,1,2,0
193,n3[63],4,-1,1,2,0
194,n4[0],4,-1,1,2,0
195,n4[1],4,-1,1,2,0
196,n4[2],4,-1,1,2,0
197,n4[3],4,-1,1,2,0
198,n4[4],4,-1,1,2,0
199,n4[5],4,-1,1,2,0
200,n4[6],4,-1,1,2,0
201,n4[7],4,-1,1,2,0
202,n4[8],4,-1,1,2,0
203,n4[9],4,-1,1,2,0
204,n4[10],4,-1,1,2,0
205,n4[11],4,-1,1,2,0
206,n4[12],4,-1,1,2,0
207,n4[13],4,-1,1,2,0
208,n4[14],4,-1,1,2,0
209,n4[15],4,-1,1,2,0
210,n4[16],4,-1,1,2,0
211,n4[17],4,-1,1,2,0
212,n4[18],4,-1,1,2,0
213,n4[19],4,-1,1,2,0
214,n4[20],4,-1,1,2,0
215,n4[21],4,-1,1,2,0
216,n4[22],4,-1,1,2,0
217,n4[23],4,-1,1,2,0
218,n4[24],4,-1,1,2,0
219,n4[25],4,-1,1,2,0
220,n4[26],4,-1,1,2,0
221,n4[27],4,-1,1,2,0
222,n4[28],4,-1,1,2,0
223,n4[29],4,-1,1,2,0
224,n4[30],4,-1,1,2,0
225,n4[31],4,-1,1,2,0
226,n4[32],4,-1,1,2,0
227,n4[33],4,-1,1,2,0
228,n4[34],4,-1,1,2,0
229,n4[35],4,-1,1,2,0
230,n4[36],4,-1,1,2,0
231,n4[37],4,-1,1,2,0
232,n4[38],4,-1,1,2,0
233,n4[39],4,-1,1,2,0
234,n4[40],4,-1,1,2,0
235,n4[41],4,-1,1,2,0
236,n4[42],4,-1,1,2,0
237,n4[43],4,-1,1,2,0
238,n4[44],4,-1,1,2,0
239,n4[45],4,-1,1,2,0
240,n4[46],4,-1,1,2,0
241,n4[47],4,-1,1,2,0
242,n4[48],4,-1,1,2,0
243,n4[49],4,-1,1,2,0
244,n4[50],4,-1,1,2,0
245,n4[51],4,-1,1,2,0
246,n4[52],4,-1,1,2,0
247,n4[53],4,-1,1,2,0
248,n4[54],4,-1,1,2,0
249,n4[55],4,-1,1,2,0
250,n4[56],4,-1,1,2,0
251,n4[57],4,-1,1,2,0
252,n4[58],4,-1,1,2,0
253,n4[59],4,-1,1,2,0
254,n4[60],4,-1,1,2,0
255,n4[61],4,-1,1,2,0
256,n4[62],4,-1,1,2,0
257,n4[63],4,-1,1,2,0
258,n5[0],4,-1,1,2,0
259,n5[1],4,-1,1,2,0
260,n5[2],4,-1,1,2,0
261,n5[3],4,-1,1,2,0
262,n5[4],4,-1,1,2,0
263,n5[5],4,-1,1,2,0
264,n5[6],4,-1,1,2,0
265,n5[7],4,-1,1,2,0
266,n5[8],4,-1,1,2,0
267,n5[9],4,-1,1,2,0
268,n5[10],4,-1,1,2,0
269,n5[11],4,-1,1,2,0
270,n5[12],4,-1,1,2,0
271,n5[13],4,-1,1,2,0
272,n5[14],4,-1,1,2,0
273,n5[15],4,-1,1,2,0
274,n5[16],4,-1,1,2,0
275,n5[17],4,-1,1,2,0
276,n5[18],4,-1,1,2,0
277,n5[19],4,-1,1,2,0
278,n5[20],4,-1,1,2,0
279,n5[21],4,-1,1,2,0
280,n5[22],4,-1,1,2,0
281,n5[23],4,-1,1,2,0
282,n5[24],4,-1,1,2,0
283,n5[25],4,-1,1,2,0
284,n5[26],4,-1,1,2,0
285,n5[27],4,-1,1,2,0
286,n5[28],4,-1,1,2,0
287,n5[29],4,-1,1,2,0
288,n5[30],4,-1,1,2,0
289,n5[31],4,-1,1,2,0
290,n5[32],4,-1,1,2,0
291,n5[33],4,-1,1,2,0
292,n5[34],4,-1,1,2,0
293,n5[35],4,-1,1,2,0
294,n5[36],4,-1,1,2,0
295,n5[37],4,-1,1,2,0
296,n5[38],4,-1,1,2,0
297,n5[39],4,-1,1,2,0
298,n5[40],4,-1,1,2,0
299,n5[41],4,-1,1,2,0
300,n5[42],4,-1,1,2,0
301,n5[43],4,-1,1,2,0
302,n5[44],4,-1,1,2,0
303,n5[45],4,-1,1,2,0
304,n5[46],4,-1,1,2,0
305,n5[47],4,-1,1,2,0
306,n5[48],4,-1,1,2,0
307,n5[49],4,-1,1,2,0
308,n5[50],4,-1,1,2,0
309,n5[51],4,-1,1,2,0
310,n5[52],4,-1,1,2,0
311,n5[53],4,-1,1,2,0
312,n5[54],4,-1,1,2,0
313,n5[55],4,-1,1,2,0
314,n5[56],4,-1,1,2,0
315,n5[57],4,-1,1,2,0
316,n5[58],4,-1,1,2,0
317,n5[59],4,-1,1,2,0
318,n5[60],4,-1,1,2,0
319,n5[61],4,-1,1,2,0
320,n5[62],4,-1,1,2,0
321,n5[63],4,-1,1,2,0
322,g0,4,1,2,3,3
323,g1,4,2,4,4,4
324,g2,4,4,2,2,6
325,g3,6,3,1,2,5
326,g4,5,7,1,2,9
327,g5,4,1,2,3,3
328,g6,2,6,2,1,8
329,g7,5,5,1,2,7
330,g8,4,2,3,3,4
331,g9,4,1,3,3,3
332,g10,4,0,3,2,2
333,g11,4,1,3,3,3
334,g12,4,2,2,3,4
335,g13,4,0,3,2,2
336,g14,4,2,2,3,4
337,g15,2,5,2,1,7
338,g16,4,2,4,4,4
339,g17,4,5,2,3,7
340,g18,4,0,3,2,2
341,g19,4,5,2,3,7
342,g20,4,4,2,2,6
343,g21,6,3,1,2,5
344,g22,4,1,3,3,3
345,g23,2,6,3,4,8
346,g24,4,4,2,2,6
347,g25,4,2,4,4,4
348,g26,4,3,3,3,5
349,g27,3,3,2,1,5
350,g28,4,4,2,2,6
351,g29,3,4,2,3,6
352,g30,3,6,2,3,8
353,g31,4,4,4,4,6
354,g32,4,5,3,3,7
355,g33,4,4,3,3,6
356,g34,5,6,1,2,8
357,g35,6,2,1,2,4
358,g36,4,2,2,3,4
359,g37,2,5,2,1,7
360,g38,4,0,3,2,2
361,g39,2,3,2,3,15
362,g40,4,0,2,3,2
363,g41,3,3,4,5,5
364,g42,4,2,2,3,4
365,g43,4,2,2,3,4
366,g44,5,8,1,2,10
367,g45,4,3,4,4,5
368,g46,4,4,2,2,6
369,g47,5,0,1,1,8
370,g48,3,3,4,5,5
371,g49,2,5,2,1,7
372,g50,6,6,1,2,8
373,g51,4,2,2,3,4
374,g52,6,2,1,2,4
375,g53,4,3,3,3,5
376,g54,3,3,3,4,5
377,g55,4,2,2,3,4
378,g56,4,5,2,3,7
379,g57,4,1,2,3,3
380,g58,5,4,1,2,6
381,g59,4,5,2,3,7
382,g60,3,6,2,3,8
383,g61,5,5,1,2,7
384,g62,5,4,1,2,6
385,g63,5,7,1,2,9
386,g64,3,1,2,1,3
387,g65,4,2,2,2,4
388,g66,5,0,1,1,6
389,g67,2,5,2,1,7
390,g68,6,3,1,2,5
391,g69,6,3,1,2,5
392,g70,3,1,2,1,3
393,g71,6,3,1,2,5
394,g72,3,3,4,5,5
395,g73,4,3,2,3,8
396,g74,4,3,2,3,5
397,g75,4,3,4,4,5
398,g76,6,6,1,2,8
399,g77,3,3,2,1,5
400,g78,6,3,1,2,5
401,g79,4,3,3,3,5
402,g80,2,4,3,4,6
403,g81,2,7,2,3,9
404,g82,4,2,4,4,4
405,g83,4,5,2,3,7
406,g84,3,4,0,1,1
407,g85,4,0,3,2,2
408,g86,4,5,2,3,7
409,g87,3,3,2,1,5
410,g88,4,4,3,3,6
411,g89,6,3,1,2,5
412,g90,3,3,2,1,5
413,g91,3,3,4,5,5
414,g92,3,1,2,1,3
415,g93,4,2,2,2,4
416,g94,6,2,1,2,4
417,g95,4,4,3,3,6
418,g96,3,4,0,1,1
419,g97,4,0,3,2,2
420,g98,4,4,3,3,6
421,g99,6,3,1,2,5
422,g100,4,2,2,3,4
423,g101,4,4,2,2,6
424,g102,3,4,0,1,1
425,g103,6,3,1,2,5
426,g104,3,3,2,1,5
427,g105,6,3,1,2,5
428,g106,3,3,2,1,5
429,g107,6,2,1,2,4
430,g108,4,2,2,3,4
431,g109,6,5,1,2,7
432,g110,4,4,2,2,6
433,g111,5,4,1,2,6
434,g112,3,3,2,3,5
435,g113,4,4,2,2,6
436,g114,6,3,1,2,5
437,g115,3,1,2,1,3
438,g116,4,3,3,3,5
439,g117,3,3,0,1,5
440,g118,6,3,1,2,5
441,g119,4,3,4,4,5
442,g120,4,1,3,3,3
443,g121,2,5,2,1,7
444,g122,4,4,2,2,6
445,g123,3,1,2,1,3
446,g124,3,1,2,1,3
447,g125,4,5,2,3,7
448,g126,2,5,2,1,7
449,g127,4,2,2,3,4
450,g128,3,3,4,5,5
451,g129,4,5,2,3,7
452,g130,6,3,1,2,5
453,g131,3,9,2,3,11
454,g132,3,1,0,1,7
455,g133,6,6,1,2,8
456,g134,4,2,2,3,4
457,g135,2,6,2,3,8
458,g136,3,4,0,1,1
459,g137,4,3,3,3,5
460,g138,4,2,2,2,4
461,g139,3,4,0,1,1
462,g140,3,3,2,3,5
463,g141,5,4,1,2,6
464,g142,4,2,2,3,4
465,g143,4,1,2,3,3
466,g144,6,3,1,2,5
467,g145,6,3,1,2,5
468,g146,4,1,1,2,13
469,g147,4,2,2,3,4
470,g148,4,0,3,4,2
471,g149,4,0,3,2,2
472,g150,3,1,2,1,3
473,g151,4,2,2,2,4
474,g152,6,3,1,2,5
475,g153,4,6,2,3,8
476,g154,4,4,4,4,6
477,g155,5,6,1,2,8
478,g156,4,4,3,3,6
479,g157,6,6,1,2,8
480,g158,3,3,3,4,5
481,g159,5,0,1,1,6
482,g160,3,4,0,1,1
483,g161,4,1,3,3,3
484,g162,4,2,4,4,4
485,g163,3,1,2,1,3
486,g164,4,1,3,3,3
487,g165,6,3,1,2,5
488,g166,4,2,2,3,4
489,g167,2,5,2,1,7
490,g168,6,3,1,2,5
491,g169,4,1,2,3,3
492,g170,4,3,4,4,5
493,g171,4,4,2,2,6
494,g172,6,3,1,2,5
495,g173,4,4,3,3,6
496,g174,4,4,2,2,6
497,g175,5,5,1,2,7
498,g176,4,3,4,4,5
499,g177,4,2,4,4,4
500,g178,4,0,3,2,2
501,g179,6,3,1,2,5
502,g180,4,2,2,3,4
503,g181,3,3,2,3,5
504,g182,4,1,2,3,3
505,g183,4,0,3,2,2
506,g184,5,3,1,2,5
507,g185,4,1,1,2,36
508,g186,3,1,2,1,3
509,g187,4,1,2,3,3
510,g188,6,4,1,2,6
511,g189,4,0,3,2,2
512,g190,4,2,2,2,4
513,g191,2,7,2,3,9
514,g192,4,4,4,4,6
515,g193,4,1,3,3,3
516,g194,4,4,2,2,6
517,g195,5,5,1,2,7
518,g196,4,0,3,2,2
519,g197,3,3,0,1,1
520,g198,6,2,1,2,4
521,g199,4,3,4,4,5
522,g200,5,4,1,2,6
523,g201,3,3,2,3,5
524,g202,4,5,2,3,7
525,g203,3,3,2,3,5
526,g204,4,3,3,3,5
527,g205,4,3,3,3,5
528,g206,2,5,2,1,7
529,g207,4,4,2,2,6
530,g208,4,1,2,3,3
531,g209,3,3,2,1,5
532,g210,3,3,2,1,5
533,g211,3,4,2,3,6
534,g212,4,1,2,3,3
535,g213,5,5,1,2,7
536,g214,4,0,3,2,2
537,g215,4,3,4,4,5
538,g216,4,3,3,3,5
539,g217,3,3,4,5,5
540,g218,3,1,2,1,3
541,g219,2,5,2,1,7
542,g220,4,2,2,3,4
543,g221,6,9,1,2,11
544,g222,2,8,2,3,10
545,g223,4,1,3,3,3
546,g224,3,3,0,1,1
547,g225,6,3,1,2,5
548,g226,4,5,2,3,7
549,g227,4,7,1,2,9
550,g228,2,5,2,1,7
551,g229,4,5,2,3,7
552,g230,3,3,0,1,1
553,g231,4,4,4,4,6
554,g232,4,2,2,2,4
555,g233,6,3,1,2,5
556,g234,4,2,2,2,4
557,g235,3,3,4,5,5
558,g236,4,3,4,4,5
559,g237,4,4,2,2,6
560,g238,6,3,1,2,5
561,g239,3,3,4,5,5
562,g240,4,4,2,2,6
563,g241,3,1,2,1,3
564,g242,4,4,3,3,6
565,g243,3,1,2,1,3
566,g244,6,3,1,2,5
567,g245,3,3,2,1,5
568,g246,3,3,2,1,5
569,g247,4,4,4,4,6
570,g248,4,3,3,3,5
571,g249,4,4,4,4,6
572,g250,6,2,1,2,4
573,g251,3,1,0,1,19
574,g252,4,4,2,2,6
575,g253,3,3,2,3,5
576,g254,3,3,2,1,5
577,g255,2,5,2,1,7
578,g256,3,3,2,1,5
579,g257,4,1,3,3,3
580,g258,3,1,2,1,3
581,g259,3,3,2,3,5
582,g260,4,0,3,2,2
583,g261,4,4,2,2,6
584,g262,4,2,2,2,4
585,g263,4,2,2,3,4
586,g264,2,4,3,4,6
587,g265,4,2,2,3,4
588,g266,2,3,3,4,5
589,g267,4,1,3,3,3
590,g268,6,3,1,2,5
591,g269,4,1,2,3,3
592,g270,2,5,2,1,7
593,g271,3,4,0,1,1
594,g272,4,2,4,4,4
595,g273,2,5,2,1,7
596,g274,4,4,2,2,6
597,g275,2,7,3,4,9
598,g276,6,3,1,2,5
599,g277,6,3,1,2,5
600,g278,4,3,2,3,5
601,g279,6,4,1,2,6
602,g280,4,3,4,4,5
603,g281,2,5,2,1,7
604,g282,6,3,1,2,5
605,g283,3,3,3,4,5
606,g284,5,4,1,2,6
607,g285,4,4,2,3,6
608,g286,4,2,2,3,4
609,g287,3,3,2,1,5
610,g288,6,3,1,2,5
611,g289,6,3,1,2,5
612,g290,6,6,1,2,8
613,g291,4,7,1,2,9
614,g292,2,5,2,1,7
615,g293,6,3,1,2,5
616,g294,3,1,0,1,9
617,g295,4,3,2,3,5
618,g296,2,0,2,1,15
619,g297,5,4,1,2,6
620,g298,4,0,3,2,2
621,g299,4,4,4,4,6
622,g300,4,1,1,2,9
623,g301,3,3,4,5,5
624,g302,2,6,2,1,8
625,g303,4,4,4,4,6
626,g304,3,4,0,1,1
627,g305,3,3,2,1,5
628,g306,4,1,3,3,3
629,g307,4,4,3,4,6
630,g308,5,5,1,2,7
631,g309,4,0,3,2,2
632,g310,2,5,3,4,7
633,g311,3,3,0,1,1
634,g312,4,4,2,2,6
635,g313,4,2,2,3,4
636,g314,3,1,2,1,3
637,g315,3,3,0,1,1
638,g316,6,3,1,2,5
639,g317,4,2,4,4,4
640,g318,3,3,4,5,5
641,g319,2,5,2,1,7
642,g320,2,6,2,3,8
643,g321,6,3,1,2,5
644,g322,6,6,1,2,8
645,g323,6,2,1,2,4
646,g324,6,4,1,2,6
647,g325,6,3,1,2,5
648,g326,4,4,2,2,6
649,g327,4,3,4,4,5
650,g328,4,4,3,3,6
651,g329,6,3,1,2,5
652,g330,4,2,2,3,4
653,g331,3,1,2,1,3
654,g332,6,3,1,2,5
655,g333,8,7,1,2,9
656,g334,6,3,1,2,7
657,g335,3,3,2,1,5
658,g336,4,2,2,2,4
659,g337,5,4,1,2,6
660,g338,6,3,1,2,5
661,g339,4,2,2,3,4
662,g340,4,2,2,2,4
663,g341,4,0,3,2,2
664,g342,3,1,2,1,3
665,g343,4,1,2,3,3
666,g344,3,3,4,5,5
667,g345,3,3,2,1,5
668,g346,4,1,2,3,3
669,g347,6,3,1,2,5
670,g348,4,2,2,3,4
671,g349,6,3,1,2,5
672,g350,4,0,3,2,2
673,g351,4,2,2,2,4
674,g352,3,4,0,1,1
675,g353,2,6,2,1,8
676,g354,4,0,3,2,2
677,g355,6,3,1,2,5
678,g356,4,0,3,2,2
679,g357,4,1,2,3,3
680,g358,4,2,2,3,4
681,g359,6,3,1,2,5
682,g360,2,1,2,3,13
683,g361,2,7,2,3,9
684,g362,6,2,1,2,4
685,g363,3,1,2,1,3
686,g364,6,3,1,2,5
687,g365,6,4,1,2,6
688,g366,4,3,2,3,5
689,g367,4,1,2,3,3
690,g368,3,3,0,1,1
691,g369,5,5,1,2,7
692,g370,2,5,2,1,7
693,g371,3,1,2,1,3
694,g372,4,4,4,4,6
695,g373,4,3,4,4,5
696,g374,5,6,1,2,8
697,g375,4,3,4,4,5
698,g376,3,6,2,3,8
699,g377,4,5,4,4,7
700,g378,6,3,1,2,5
701,g379,4,3,2,3,5
702,g380,4,2,2,3,4
703,g381,3,7,2,3,9
704,g382,6,3,1,2,5
705,g383,4,3,2,3,5
706,g384,2,5,2,1,7
707,g385,3,3,2,3,5
708,g386,3,3,2,1,5
709,g387,6,6,1,2,8
710,g388,4,4,4,4,6
711,g389,6,3,1,2,5
712,g390,4,3,4,4,5
713,g391,4,4,2,2,6
714,g392,4,0,3,4,2
715,g393,4,4,3,3,6
716,g394,4,7,1,2,9
717,g395,4,1,3,3,3
718,g396,4,4,3,3,6
719,g397,4,1,2,3,3
720,g398,4,2,2,2,4
721,g399,3,4,0,1,1
722,g400,4,1,3,3,3
723,g401,5,6,1,2,8
724,g402,3,5,3,4,7
725,g403,3,4,0,1,1
726,g404,6,6,1,2,8
727,g405,6,2,1,2,4
728,g406,6,3,1,2,5
729,g407,4,4,4,4,6
730,g408,4,2,2,2,4
731,g409,4,0,3,2,2
732,g410,2,5,2,1,7
733,g411,4,4,2,2,6
734,g412,3,5,2,3,7
735,g413,3,1,2,1,3
736,g414,6,4,1,2,7
737,g415,4,2,4,4,4
738,g416,6,3,1,2,5
739,g417,4,2,2,3,4
740,g418,3,4,0,1,1
741,g419,5,6,1,2,8
742,g420,4,5,2,2,7
743,g421,5,5,1,2,7
744,g422,4,0,3,4,2
745,g423,6,3,1,2,5
746,g424,4,4,3,3,6
747,g425,6,3,1,2,5
748,g426,5,6,1,2,8
749,g427,3,3,2,3,5
750,g428,4,2,2,3,4
751,g429,3,3,0,1,1
752,g430,4,2,2,2,4
753,g431,3,1,2,1,3
754,g432,4,1,2,3,3
755,g433,4,1,3,3,3
756,g434,4,0,3,2,2
757,g435,2,5,2,1,7
758,g436,4,1,2,3,3
759,g437,3,4,0,1,1
760,g438,5,5,1,2,7
761,g439,2,5,2,1,7
762,g440,6,3,1,2,5
763,g441,4,2,2,2,4
764,g442,6,6,1,2,8
765,g443,4,1,2,3,3
766,g444,3,3,2,3,5
767,g445,4,2,2,3,4
768,g446,2,7,2,3,9
769,g447,3,3,2,3,5
770,g448,2,5,2,1,7
771,g449,5,0,1,1,6
772,g450,6,4,1,2,6
773,g451,4,2,2,3,4
774,g452,6,2,1,2,4
775,g453,3,0,2,3,8
776,g454,4,0,3,2,2
777,g455,4,1,2,3,3
778,g456,3,4,0,1,1
779,g457,4,3,2,3,5
780,g458,5,0,1,1,10
781,g459,6,3,1,2,5
782,g460,8,6,1,2,8
783,g461,2,7,2,3,9
784,g462,3,1,2,1,3
785,g463,2,4,2,1,6
786,g464,3,1,2,1,3
787,g465,4,4,2,2,6
788,g466,4,1,3,3,3
789,g467,4,1,3,3,3
790,g468,4,5,2,3,7
791,g469,3,4,0,1,1
792,g470,4,0,3,4,2
793,g471,6,2,1,2,4
794,g472,4,2,2,3,4
795,g473,6,3,1,2,5
796,g474,6,6,1,2,8
797,g475,4,2,2,2,4
798,g476,6,2,1,2,4
799,g477,3,3,2,1,5
800,g478,2,5,2,1,7
801,g479,4,2,2,3,4
802,g480,6,3,1,2,5
803,g481,3,3,2,1,5
804,g482,6,6,1,2,8
805,g483,6,3,1,2,5
806,g484,4,0,3,2,2
807,g485,4,1,2,3,3
808,g486,4,0,2,3,6
809,g487,6,3,1,2,5
810,g488,4,4,2,2,6
811,g489,4,0,3,2,2
812,g490,5,2,1,2,8
813,g491,4,2,2,3,4
814,g492,3,3,2,1,5
815,g493,3,3,0,1,5
816,g494,4,0,3,2,2
817,g495,4,2,2,2,4
818,g496,4,5,2,3,7
819,g497,2,1,3,4,14
820,g498,2,5,2,1,7
821,g499,4,3,4,4,5
822,g500,4,1,2,3,3
823,g501,4,3,3,3,5
824,g502,4,5,2,3,7
825,g503,3,4,0,1,1
826,g504,4,3,3,3,5
827,g505,4,2,2,3,4
828,g506,3,4,0,1,1
829,g507,3,1,2,1,3
830,g508,6,6,1,2,8
831,g509,5,0,1,1,20
832,g510,3,2,0,1,1
833,g511,4,0,3,4,2
834,g512,3,4,0,1,1
835,g513,4,0,3,4,2
836,g514,4,4,2,3,6
837,g515,3,3,2,3,5
838,g516,4,4,4,4,6
839,g517,3,4,0,1,1
840,g518,2,6,2,3,8
841,g519,3,3,2,1,5
842,g520,4,0,3,2,2
843,g521,2,6,2,1,8
844,g522,3,3,2,1,5
845,g523,3,4,0,1,1
846,g524,3,4,0,1,1
847,g525,3,3,2,3,5
848,g526,4,1,3,3,3
849,g527,4,0,3,4,2
850,g528,4,0,3,4,2
851,g529,4,0,3,4,2
852,g530,5,4,1,2,6
853,g531,4,4,2,3,6
854,g532,4,0,3,4,2
855,g533,4,2,2,2,4
856,g534,4,0,3,2,2
857,g535,4,2,2,3,4
858,g536,4,2,4,4,4
859,g537,4,4,2,2,6
860,g538,2,6,2,1,8
861,g539,4,1,2,3,3
862,g540,4,2,4,4,4
863,g541,4,2,2,3,4
864,g542,4,1,2,3,3
865,g543,4,2,2,2,4
866,g544,4,1,3,3,3
867,g545,4,1,2,3,3
868,g546,4,3,4,4,5
869,g547,3,3,4,4,5
870,g548,4,1,2,3,3
871,g549,4,2,2,2,4
872,g550,4,3,2,3,5
873,g551,4,0,3,2,2
874,g552,4,2,2,3,4
875,g553,4,0,3,4,2
876,g554,4,4,3,3,6
877,g555,3,1,2,1,3
878,g556,3,3,0,1,1
879,g557,4,2,2,2,4
880,g558,4,3,3,3,5
881,g559,4,3,2,3,5
882,g560,3,3,0,1,8
883,g561,3,3,0,1,12
884,g562,4,3,2,3,5
885,g563,5,3,1,2,5
886,g564,4,4,4,4,6
887,g565,4,1,3,3,3
888,g566,3,1,2,1,7
889,g567,3,4,0,1,1
890,g568,4,1,3,3,3
891,g569,6,3,1,2,5
892,g570,2,7,3,4,9
893,g571,3,1,2,1,3
894,g572,4,3,3,3,5
895,g573,6,3,1,2,5
896,g574,2,6,4,4,8
897,g575,6,3,1,2,5
898,g576,4,4,2,2,6
899,g577,6,3,1,2,5
900,g578,3,6,3,4,8
901,g579,8,6,1,2,11
902,g580,4,3,2,3,5
903,g581,2,1,2,3,12
904,g582,4,0,3,2,2
905,g583,3,2,0,1,24
906,g584,3,3,0,1,1
907,g585,2,0,3,1,12
908,g586,4,2,2,3,4
909,g587,3,4,0,1,1
910,g588,4,2,2,2,4
911,g589,6,2,1,2,4
912,g590,3,3,2,3,5
913,g591,3,3,2,1,5
914,g592,4,0,3,2,2
915,g593,2,0,4,1,13
916,g594,6,3,1,2,5
917,g595,5,5,1,2,7
918,g596,4,0,3,4,2
919,g597,8,6,1,2,8
920,g598,4,0,3,4,2
921,g599,3,4,0,1,1
922,g600,6,3,1,2,5
923,g601,4,4,2,2,6
924,g602,4,0,3,2,2
925,g603,6,2,1,2,4
926,g604,3,1,2,1,3
927,g605,4,1,2,3,3
928,g606,4,1,2,3,3
929,g607,4,0,3,4,2
930,g608,3,3,2,3,5
931,g609,4,1,3,4,3
932,g610,3,3,2,3,5
933,g611,6,7,1,2,9
934,g612,3,4,0,1,1
935,g613,3,3,2,3,5
936,g614,3,3,0,1,1
937,g615,3,3,4,5,5
938,g616,4,2,4,4,4
939,g617,4,0,3,4,2
940,g618,6,2,1,2,4
941,g619,5,5,1,2,7
942,g620,6,3,1,2,5
943,g621,3,3,2,1,5
944,g622,6,2,1,2,4
945,g623,4,3,3,3,5
946,g624,6,2,1,2,4
947,g625,6,2,1,2,13
948,g626,4,2,2,2,4
949,g627,4,5,2,3,7
950,g628,6,4,1,2,6
951,g629,6,3,1,2,5
952,g630,4,4,4,4,6
953,g631,4,6,2,3,8
954,g632,6,2,1,2,4
955,g633,6,3,1,2,5
956,g634,4,1,3,3,3
957,g635,2,0,4,1,12
958,g636,2,4,2,3,16
959,g637,6,6,1,2,8
960,g638,4,4,3,3,6
961,g639,4,3,4,4,5
962,g640,4,5,2,3,7
963,g641,3,4,0,1,1
964,g642,5,5,1,2,7
965,g643,2,5,2,1,7
966,g644,2,5,2,1,7
967,g645,5,5,1,2,7
968,g646,4,4,4,4,6
969,g647,4,4,3,3,6
970,g648,4,3,4,4,5
971,g649,4,2,2,3,4
972,g650,4,2,4,4,4
973,g651,4,3,3,3,5
974,g652,6,5,1,2,7
975,g653,4,2,2,3,4
976,g654,4,3,4,4,5
977,g655,4,0,3,4,2
978,g656,4,5,2,3,7
979,g657,4,0,3,4,2
980,g658,4,1,3,3,3
981,g659,3,4,0,1,1
982,g660,4,1,3,3,3
983,g661,4,2,2,3,4
984,g662,6,3,1,2,5
985,g663,3,4,0,1,1
986,g664,3,1,2,1,3
987,g665,5,6,1,2,8
988,g666,4,3,4,4,5
989,g667,2,7,2,3,9
990,g668,4,4,2,2,6
991,g669,6,3,1,2,5
992,g670,3,3,0,1,1
993,g671,4,4,3,3,6
994,g672,4,3,3,3,5
995,g673,3,7,2,3,9
996,g674,4,2,2,2,4
997,g675,3,4,0,1,1
998,g676,6,5,1,2,7
999,g677,4,3,3,3,5
1000,g678,4,2,2,3,4
1001,g679,4,1,2,3,3
1002,g680,6,3,1,2,5
1003,g681,4,2,2,3,4
1004,g682,2,5,2,1,7
1005,g683,5,5,1,2,7
1006,g684,4,2,2,3,4
1007,g685,4,7,1,2,9
1008,g686,4,2,4,4,4
1009,g687,3,7,2,3,9
1010,g688,3,6,2,3,8
1011,g689,3,1,2,1,3
1012,g690,6,3,1,2,5
1013,g691,4,1,3,3,3
1014,g692,4,3,4,4,5
1015,g693,5,4,1,2,6
1016,g694,4,2,2,2,4
1017,g695,4,2,4,4,4
1018,g696,4,2,2,3,4
1019,g697,4,2,2,3,4
1020,g698,4,6,2,3,8
1021,g699,4,4,3,3,6
1022,g700,4,2,4,4,4
1023,g701,4,0,3,4,2
1024,g702,4,1,2,3,3
1025,g703,6,3,1,2,5
1026,g704,4,4,3,3,6
1027,g705,6,3,1,2,5
1028,g706,3,3,2,1,5
1029,g707,4,2,2,3,4
1030,g708,4,1,3,3,3
1031,g709,6,3,1,2,5
1032,g710,4,0,3,2,2
1033,g711,3,4,0,1,1
1034,g712,5,5,1,2,7
1035,g713,4,3,2,3,5
1036,g714,6,4,1,2,6
1037,g715,4,4,2,2,6
1038,g716,4,3,4,4,5
1039,g717,3,3,2,3,5
1040,g718,6,3,1,2,5
1041,g719,4,4,4,4,6
1042,g720,3,3,2,1,5
1043,g721,6,3,1,2,5
1044,g722,4,0,3,4,2
1045,g723,3,3,0,1,1
1046,g724,2,5,2,1,7
1047,g725,4,0,3,2,2
1048,g726,4,1,2,3,3
1049,g727,4,2,4,4,4
1050,g728,4,3,4,4,5
1051,g729,4,3,2,3,5
1052,g730,3,3,2,3,5
1053,g731,4,3,3,3,5
1054,g732,5,0,1,1,8
1055,g733,2,7,2,3,9
1056,g734,2,5,2,1,7
1057,g735,4,2,4,4,4
1058,g736,3,3,0,1,1
1059,g737,4,1,3,3,3
1060,g738,4,3,2,3,5
1061,g739,4,0,3,2,2
1062,g740,4,3,3,3,5
1063,g741,4,3,3,3,5
1064,g742,4,2,2,2,4
1065,g743,6,3,1,2,5
1066,g744,3,3,2,1,5
1067,g745,4,3,4,4,5
1068,g746,4,3,4,4,5
1069,g747,4,2,2,3,4
1070,g748,3,3,4,5,5
1071,g749,6,3,1,2,5
1072,g750,3,1,2,1,3
1073,g751,3,3,2,3,5
1074,g752,4,1,3,3,3
1075,g753,4,2,2,3,4
1076,g754,5,5,1,2,7
1077,g755,4,1,3,3,3
1078,g756,4,2,2,3,4
1079,g757,4,3,3,3,5
1080,g758,6,3,1,2,5
1081,g759,4,3,4,4,5
1082,g760,4,4,4,4,6
1083,g761,3,4,0,1,1
1084,g762,4,4,3,3,6
1085,g763,4,2,2,3,4
1086,g764,2,4,3,4,6
1087,g765,4,4,2,2,6
1088,g766,6,3,1,2,5
1089,g767,6,3,1,2,5
1090,g768,4,3,2,3,5
1091,g769,3,3,4,5,5
1092,g770,4,0,3,2,2
1093,g771,4,4,4,4,6
1094,g772,2,5,2,3,7
1095,g773,4,5,2,3,7
1096,g774,2,5,2,1,7
1097,g775,6,2,1,2,4
1098,g776,3,3,2,3,5
1099,g777,3,3,0,1,10
1100,g778,4,1,2,3,3
1101,g779,4,7,1,2,9
1102,g780,4,4,3,3,6
1103,g781,3,1,2,1,3
1104,g782,6,3,1,2,5
1105,g783,8,2,1,2,40
1106,g784,4,2,2,3,4
1107,g785,2,4,3,4,6
1108,g786,4,0,3,2,2
1109,g787,6,1,1,2,7
1110,g788,4,2,2,3,4
1111,g789,4,2,2,3,4
1112,g790,3,1,2,1,3
1113,g791,3,3,2,3,5
1114,g792,4,4,3,3,6
1115,g793,6,3,1,2,5
1116,g794,3,1,0,1,11
1117,g795,6,3,1,2,5
1118,g796,4,3,2,3,5
1119,g797,4,4,2,2,6
1120,g798,2,7,2,3,9
1121,g799,4,4,2,2,6
1122,g800,3,1,2,1,3
1123,g801,4,4,2,2,6
1124,g802,4,1,2,3,3
1125,g803,6,2,1,2,4
1126,g804,4,4,2,2,6
1127,g805,4,1,3,3,3
1128,g806,6,3,1,2,5
1129,g807,3,1,2,1,3
1130,g808,4,0,3,2,2
1131,g809,3,1,2,1,3
1132,g810,4,1,2,3,3
1133,g811,4,3,3,3,5
1134,g812,4,2,4,4,4
1135,g813,4,5,2,3,7
1136,g814,6,3,1,2,5
1137,g815,4,5,3,3,7
1138,g816,8,5,1,2,7
1139,g817,3,4,0,1,1
1140,g818,4,4,4,4,6
1141,g819,5,6,1,2,8
1142,g820,3,1,2,1,3
1143,g821,4,2,2,2,4
1144,g822,3,3,2,1,5
1145,g823,3,4,0,1,1
1146,g824,4,0,3,4,2
1147,g825,4,4,2,2,6
1148,g826,4,2,2,2,4
1149,g827,4,2,2,3,4
1150,g828,6,3,1,2,5
1151,g829,2,5,2,1,7
1152,g830,6,2,1,2,4
1153,g831,4,4,4,4,6
1154,g832,5,5,1,2,7
1155,g833,5,4,1,2,6
1156,g834,4,2,2,3,4
1157,g835,3,1,2,1,3
1158,g836,3,4,0,1,1
1159,g837,4,2,2,3,4
1160,g838,4,2,2,3,4
1161,g839,4,3,3,3,5
1162,g840,4,2,4,4,4
1163,g841,3,1,2,1,3
1164,g842,3,1,2,1,3
1165,g843,4,3,4,4,5
1166,g844,4,5,1,2,16
1167,g845,4,0,3,4,2
1168,g846,4,4,3,3,6
1169,g847,2,0,2,1,8
1170,g848,4,2,2,2,4
1171,g849,6,3,1,2,5
1172,g850,2,5,2,1,7
1173,g851,5,5,1,2,7
1174,g852,5,0,1,1,6
1175,g853,4,0,3,2,2
1176,g854,4,1,2,3,3
1177,g855,3,5,4,4,7
1178,g856,3,3,2,3,5
1179,g857,4,1,2,3,3
1180,g858,4,1,2,3,3
1181,g859,3,3,2,1,5
1182,g860,4,4,3,3,6
1183,g861,6,3,1,2,5
1184,g862,6,3,1,2,5
1185,g863,2,0,2,1,22
1186,g864,6,6,1,2,8
1187,g865,3,3,0,1,1
1188,g866,4,2,2,3,4
1189,g867,5,5,1,2,7
1190,g868,4,0,3,2,2
1191,g869,4,0,3,4,2
1192,g870,4,2,2,2,4
1193,g871,6,3,1,2,5
1194,g872,6,4,1,2,6
1195,g873,3,5,2,3,7
1196,g874,4,2,2,2,4
1197,g875,4,2,2,2,4
1198,g876,4,2,2,3,4
1199,g877,3,3,2,1,5
1200,g878,6,6,1,2,8
1201,g879,6,2,1,2,4
1202,g880,3,1,2,1,3
1203,g881,6,6,1,2,8
1204,g882,4,2,2,2,4
1205,g883,4,4,2,2,6
1206,g884,2,5,2,1,7
1207,g885,6,5,1,2,7
1208,g886,4,4,2,2,6
1209,g887,3,3,2,1,5
1210,g888,4,2,4,4,4
1211,g889,4,1,3,3,3
1212,g890,3,3,3,4,5
1213,g891,4,1,2,3,3
1214,g892,4,4,2,2,6
1215,g893,4,4,2,2,6
1216,g894,2,7,2,3,9
1217,g895,4,0,3,2,2
1218,g896,2,6,3,4,8
1219,g897,4,2,2,3,4
1220,g898,6,3,1,2,5
1221,g899,2,5,2,1,7
1222,g900,6,4,1,2,6
1223,g901,4,3,2,2,5
1224,g902,6,2,1,2,4
1225,g903,4,4,2,2,6
1226,g904,6,3,1,2,5
1227,g905,5,5,1,2,7
1228,g906,6,4,1,2,6
1229,g907,6,1,1,2,9
1230,g908,8,7,1,2,9
1231,g909,3,5,2,3,7
1232,g910,3,5,3,4,7
1233,g911,4,4,4,4,6
1234,g912,6,4,1,2,6
1235,g913,3,3,4,5,5
1236,g914,6,3,1,2,5
1237,g915,6,2,1,2,4
1238,g916,5,5,1,2,7
1239,g917,4,0,3,4,2
1240,g918,3,1,2,1,3
1241,g919,5,5,1,2,7
1242,g920,2,5,2,1,7
1243,g921,6,3,1,2,5
1244,g922,4,2,2,2,4
1245,g923,4,2,2,2,4
1246,g924,4,0,3,2,2
1247,g925,4,3,2,3,5
1248,g926,5,5,1,2,7
1249,g927,3,3,2,1,5
1250,g928,3,3,2,1,5
1251,g929,4,2,2,2,4
1252,g930,4,4,4,4,6
1253,g931,3,3,0,1,1
1254,g932,4,0,3,4,2
1255,g933,2,5,2,1,7
1256,g934,4,2,2,2,4
1257,g935,6,3,1,2,5
1258,g936,6,3,1,2,5
1259,g937,6,3,1,2,5
1260,g938,5,5,1,2,7
1261,g939,3,3,0,1,1
1262,g940,3,3,4,5,5
1263,g941,3,4,0,1,1
1264,g942,3,4,0,1,1
1265,g943,4,2,2,2,4
1266,g944,4,6,2,3,8
1267,g945,8,6,1,2,11
1268,g946,4,2,2,3,4
1269,g947,3,3,2,3,5
1270,g948,4,1,3,3,3
1271,g949,4,3,4,4,5
1272,g950,3,3,2,1,5
1273,g951,4,2,4,4,4
1274,g952,4,4,4,4,6
1275,g953,4,1,2,3,3
1276,g954,3,1,2,1,3
1277,g955,4,4,2,2,6
1278,g956,4,4,3,3,6
1279,g957,4,1,3,3,3
1280,g958,6,3,1,2,5
1281,g959,3,3,2,1,5
1282,g960,6,3,1,2,5
1283,g961,6,3,1,2,5
1284,g962,3,4,2,3,6
1285,g963,4,5,4,4,7
1286,g964,3,3,2,1,5
1287,g965,3,3,0,1,1
1288,g966,3,1,2,1,3
1289,g967,6,3,1,2,5
1290,g968,2,5,2,1,7
1291,g969,5,5,1,2,7
1292,g970,4,3,2,3,5
1293,g971,4,1,3,3,3
1294,g972,3,6,2,3,8
1295,g973,6,3,1,2,5
1296,g974,5,6,1,2,8
1297,g975,3,4,0,1,1
1298,g976,4,5,2,3,10
1299,g977,4,2,2,3,4
1300,g978,6,3,1,2,5
1301,g979,4,1,3,3,3
1302,g980,3,3,4,5,5
1303,g981,4,2,2,2,4
1304,g982,4,0,3,2,2
1305,g983,6,2,1,2,4
1306,g984,4,0,3,4,2
1307,g985,4,2,2,3,4
1308,g986,4,3,4,4,5
1309,g987,4,5,2,3,7
1310,g988,3,3,2,1,5
1311,g989,6,2,1,2,4
1312,g990,8,6,1,2,8
1313,g991,4,4,2,2,6
1314,g992,4,1,2,3,3
1315,g993,5,2,1,2,4
1316,g994,4,3,2,3,5
1317,g995,3,3,2,1,5
1318,g996,4,1,3,3,3
1319,g997,6,3,1,2,5
1320,g998,3,3,4,5,5
1321,g999,4,1,2,3,10
1322,g1000,4,4,3,3,6
1323,g1001,5,7,1,2,9
1324,g1002,4,3,4,4,5
1325,g1003,3,3,2,1,5
1326,g1004,4,2,2,2,4
1327,g1005,4,4,4,4,6
1328,g1006,4,3,2,3,5
1329,g1007,3,1,2,1,3
1330,g1008,3,3,3,4,5
1331,g1009,4,2,2,3,4
1332,g1010,6,5,1,2,7
1333,g1011,3,3,2,3,5
1334,g1012,3,3,4,5,5
1335,g1013,4,2,2,2,4
1336,g1014,4,4,3,3,6
1337,g1015,4,4,2,2,6
1338,g1016,6,3,1,2,5
1339,g1017,6,5,1,2,7
1340,g1018,4,5,2,3,7
1341,g1019,3,3,2,1,5
1342,g1020,3,3,0,1,1
1343,g1021,3,1,2,1,3
1344,g1022,4,2,4,4,4
1345,g1023,4,1,3,3,3
1346,g1024,2,5,2,1,7
1347,g1025,3,1,2,1,3
1348,g1026,4,6,2,3,8
1349,g1027,6,3,1,2,5
1350,g1028,4,1,2,3,3
1351,g1029,6,3,1,2,5
1352,g1030,8,6,1,2,8
1353,g1031,6,6,1,2,8
1354,g1032,6,3,1,2,5
1355,g1033,4,4,3,3,6
1356,g1034,3,4,2,3,15
1357,g1035,4,0,3,4,2
1358,g1036,6,4,1,2,6
1359,g1037,3,3,2,1,5
1360,g1038,4,4,3,3,6
1361,g1039,3,1,0,1,7
1362,g1040,3,1,2,1,3
1363,g1041,6,3,1,2,5
1364,g1042,3,3,0,1,5
1365,g1043,3,1,2,1,3
1366,g1044,4,2,2,3,4
1367,g1045,3,3,2,1,5
1368,g1046,3,3,2,1,5
1369,g1047,4,1,3,3,3
1370,g1048,8,4,1,2,9
1371,g1049,4,4,2,2,6
1372,g1050,6,2,1,2,4
1373,g1051,6,3,1,2,5
1374,g1052,4,3,3,3,5
1375,g1053,3,1,2,1,3
1376,g1054,5,0,1,1,6
1377,g1055,4,7,2,3,9
1378,g1056,6,2,1,2,6
1379,g1057,3,3,0,1,1
1380,g1058,4,4,2,2,6
1381,g1059,6,3,1,2,5
1382,g1060,3,3,2,1,5
1383,g1061,6,2,1,2,4
1384,g1062,4,4,2,2,6
1385,g1063,4,2,2,3,4
1386,g1064,5,5,1,2,7
1387,g1065,4,1,3,3,3
1388,g1066,4,4,2,2,6
1389,g1067,3,6,2,3,8
1390,g1068,3,6,2,3,8
1391,g1069,6,2,1,2,4
1392,g1070,4,3,3,3,5
1393,g1071,4,4,4,4,6
1394,g1072,4,2,2,2,4
1395,g1073,6,3,1,2,5
1396,g1074,4,4,2,2,6
1397,g1075,6,3,1,2,5
1398,g1076,2,0,2,1,8
1399,g1077,4,1,3,3,3
1400,g1078,4,0,3,4,2
1401,g1079,4,3,3,3,5
1402,g1080,3,3,0,1,1
1403,g1081,2,5,2,1,7
1404,g1082,2,5,2,1,7
1405,g1083,4,1,3,3,3
1406,g1084,3,1,2,1,3
1407,g1085,4,2,2,3,4
1408,g1086,4,4,3,3,6
1409,g1087,4,4,2,3,6
1410,g1088,4,7,2,3,9
1411,g1089,3,3,4,5,5
1412,g1090,6,3,1,2,5
1413,g1091,2,5,2,1,7
1414,g1092,6,3,1,2,5
1415,g1093,3,6,2,3,8
1416,g1094,3,4,0,1,1
1417,g1095,4,2,2,2,4
1418,g1096,4,4,2,2,6
1419,g1097,4,1,3,3,3
1420,g1098,6,3,1,2,5
1421,g1099,6,3,1,2,5
1422,g1100,4,3,3,3,5
1423,g1101,4,4,2,2,6
1424,g1102,6,3,1,2,5
1425,g1103,4,4,2,2,6
1426,g1104,6,4,1,2,6
1427,g1105,6,3,1,2,5
1428,g1106,4,4,2,2,6
1429,g1107,4,0,3,2,2
1430,g1108,3,3,4,5,5
1431,g1109,5,7,1,2,9
1432,g1110,4,5,2,3,7
1433,g1111,6,3,1,2,5
1434,g1112,3,4,0,1,1
1435,g1113,3,4,0,1,1
1436,g1114,6,2,1,2,4
1437,g1115,4,2,2,3,4
1438,g1116,4,4,3,3,6
1439,g1117,6,4,1,2,6
1440,g1118,4,3,2,3,5
1441,g1119,2,5,2,1,7
1442,g1120,4,2,4,4,4
1443,g1121,3,3,2,1,5
1444,g1122,4,2,2,3,4
1445,g1123,6,2,1,2,4
1446,g1124,3,3,2,1,5
1447,g1125,4,1,3,3,3
1448,g1126,6,4,1,2,6
1449,g1127,4,0,3,2,2
1450,g1128,6,2,1,2,4
1451,g1129,4,1,3,3,3
1452,g1130,3,3,2,1,5
1453,g1131,5,5,1,2,7
1454,g1132,6,3,1,2,5
1455,g1133,2,5,2,1,7
1456,g1134,3,3,0,1,1
1457,g1135,3,4,0,1,1
1458,g1136,4,0,3,4,2
1459,g1137,4,0,3,2,2
1460,g1138,3,4,0,1,1
1461,g1139,6,2,1,2,4
1462,g1140,6,6,1,2,8
1463,g1141,3,3,4,5,5
1464,g1142,6,3,1,2,5
1465,g1143,3,1,2,1,3
1466,g1144,6,8,1,2,10
1467,g1145,3,2,0,1,7
1468,g1146,6,6,1,2,8
1469,g1147,6,2,1,2,4
1470,g1148,4,2,2,3,4
1471,g1149,4,0,3,2,2
1472,g1150,4,0,3,4,2
1473,g1151,3,3,0,1,1
1474,g1152,4,1,2,3,3
1475,g1153,6,2,1,2,4
1476,g1154,4,5,4,4,7
1477,g1155,4,3,4,4,5
1478,g1156,4,2,2,3,4
1479,g1157,4,4,2,2,6
1480,g1158,3,4,0,1,1
1481,g1159,5,0,1,1,6
1482,g1160,8,7,1,2,9
1483,g1161,4,1,2,3,3
1484,g1162,4,4,3,3,6
1485,g1163,4,1,2,3,3
1486,g1164,6,3,1,2,5
1487,g1165,4,2,2,2,4
1488,g1166,4,3,3,3,5
1489,g1167,4,1,1,2,23
1490,g1168,6,2,1,2,6
1491,g1169,3,1,2,2,7
1492,g1170,4,2,2,3,4
1493,g1171,3,2,0,1,27
1494,g1172,4,2,2,3,4
1495,g1173,4,0,3,4,2
1496,g1174,3,2,2,3,14
1497,g1175,4,0,3,4,2
1498,g1176,3,3,2,3,5
1499,g1177,6,3,1,2,5
1500,g1178,4,2,2,2,4
1501,g1179,3,1,2,1,3
1502,g1180,3,2,2,3,4
1503,g1181,4,2,2,2,4
1504,g1182,4,0,3,2,2
1505,g1183,6,3,1,2,5
1506,g1184,5,5,1,2,7
1507,g1185,4,2,4,4,4
1508,g1186,2,6,3,4,8
1509,g1187,3,4,0,1,1
1510,g1188,4,0,3,4,2
1511,g1189,6,3,1,2,5
1512,g1190,4,2,2,3,4
1513,g1191,4,4,4,4,6
1514,g1192,8,7,1,2,9
1515,g1193,3,3,2,1,5
1516,g1194,4,1,3,3,3
1517,g1195,3,3,4,5,5
1518,g1196,5,5,1,2,7
1519,g1197,4,1,3,3,3
1520,g1198,4,4,2,2,6
1521,g1199,4,2,2,3,4
1522,g1200,4,0,3,2,2
1523,g1201,6,2,1,2,4
1524,g1202,3,3,0,1,10
1525,g1203,5,5,1,2,7
1526,g1204,3,4,0,1,1
1527,g1205,3,4,0,1,1
1528,g1206,5,3,1,2,14
1529,g1207,6,4,1,2,6
1530,g1208,4,1,2,3,3
1531,g1209,3,4,0,1,1
1532,g1210,3,4,0,1,1
1533,g1211,4,4,2,2,6
1534,g1212,6,3,1,2,5
1535,g1213,6,3,1,2,5
1536,g1214,4,2,2,2,4
1537,g1215,4,4,3,3,6
1538,g1216,3,1,2,1,3
1539,g1217,4,5,2,3,7
1540,g1218,6,3,1,2,5
1541,g1219,4,0,3,4,2
1542,g1220,4,1,2,3,3
1543,g1221,6,3,1,2,5
1544,g1222,6,6,1,2,8
1545,g1223,4,1,3,3,3
1546,g1224,4,2,2,3,4
1547,g1225,2,5,2,1,7
1548,g1226,6,2,1,2,4
1549,g1227,5,0,1,1,6
1550,g1228,4,3,2,3,5
1551,g1229,4,2,2,3,4
1552,g1230,6,10,1,2,12
1553,g1231,6,3,1,2,5
1554,g1232,2,6,3,4,8
1555,g1233,4,2,2,3,4
1556,g1234,6,3,1,2,5
1557,g1235,4,4,2,2,6
1558,g1236,4,3,3,3,5
1559,g1237,6,3,1,2,5
1560,g1238,6,3,1,2,5
1561,g1239,4,2,2,2,4
1562,g1240,6,3,1,2,5
1563,g1241,4,5,1,2,7
1564,g1242,3,3,4,5,5
1565,g1243,4,4,4,4,6
1566,g1244,4,1,3,3,3
1567,g1245,4,0,3,4,2
1568,g1246,3,3,4,5,5
1569,g1247,4,4,2,2,6
1570,g1248,3,1,2,1,3
1571,g1249,4,0,3,2,2
1572,g1250,3,3,2,1,5
1573,g1251,3,3,2,3,5
1574,g1252,3,4,0,1,1
1575,g1253,2,5,2,1,7
1576,g1254,6,3,1,2,5
1577,g1255,4,4,3,3,6
1578,g1256,6,3,1,2,5
1579,g1257,4,4,4,4,6
1580,g1258,3,3,0,1,1
1581,g1259,3,3,3,4,5
1582,g1260,3,4,0,1,1
1583,g1261,4,0,3,4,2
1584,g1262,4,3,4,4,5
1585,g1263,2,5,2,1,7
1586,g1264,4,2,4,4,4
1587,g1265,4,2,2,3,4
1588,g1266,3,3,0,1,1
1589,g1267,6,2,1,2,4
1590,g1268,3,4,0,1,1
1591,g1269,4,0,3,2,2
1592,g1270,4,6,2,3,8
1593,g1271,6,3,1,2,5
1594,g1272,6,6,1,2,8
1595,g1273,6,3,1,2,5
1596,g1274,6,3,1,2,5
1597,g1275,4,4,2,2,6
1598,g1276,3,1,2,1,3
1599,g1277,4,4,2,2,6
1600,g1278,4,3,2,3,5
1601,g1279,4,4,2,3,6
1602,g1280,3,3,2,3,5
1603,g1281,3,3,4,5,5
1604,g1282,2,5,2,1,7
1605,g1283,4,2,4,4,4
1606,g1284,5,4,1,2,6
1607,g1285,5,6,1,2,8
1608,g1286,6,3,1,2,5
1609,g1287,4,2,2,3,4
1610,g1288,4,4,2,2,6
1611,g1289,8,3,1,2,16
1612,g1290,5,5,1,2,7
1613,g1291,6,3,1,2,5
1614,g1292,3,6,2,3,8
1615,g1293,4,1,1,2,9
1616,g1294,3,1,2,1,3
1617,g1295,4,4,4,4,6
1618,g1296,4,2,2,3,4
1619,g1297,4,2,2,3,4
1620,g1298,3,3,0,1,1
1621,g1299,6,2,1,2,4
1622,g1300,4,5,2,2,7
1623,g1301,4,2,2,3,4
1624,g1302,4,2,2,3,4
1625,g1303,3,4,0,1,1
1626,g1304,6,4,1,2,6
1627,g1305,4,1,2,3,3
1628,g1306,4,1,2,3,3
1629,g1307,4,0,3,2,2
1630,g1308,2,5,2,1,7
1631,g1309,4,4,4,4,6
1632,g1310,4,1,3,3,3
1633,g1311,4,0,3,2,2
1634,g1312,6,3,1,2,5
1635,g1313,6,6,1,2,8
1636,g1314,3,3,2,1,5
1637,g1315,8,6,1,2,8
1638,g1316,4,2,2,2,4
1639,g1317,4,5,2,2,7
1640,g1318,6,4,1,2,6
1641,g1319,4,0,3,2,2
1642,g1320,3,4,3,2,6
1643,g1321,4,0,3,4,2
1644,g1322,5,4,1,2,6
1645,g1323,5,3,1,2,5
1646,g1324,4,3,2,2,8
1647,g1325,6,3,1,2,5
1648,g1326,4,2,4,4,4
1649,g1327,3,3,0,1,1
1650,g1328,4,0,3,2,2
1651,g1329,6,6,1,2,8
1652,g1330,4,4,2,2,6
1653,g1331,4,4,2,2,6
1654,g1332,4,2,2,3,4
1655,g1333,2,5,2,1,7
1656,g1334,3,1,2,1,3
1657,g1335,6,4,1,2,6
1658,g1336,4,5,2,3,7
1659,g1337,4,4,2,2,6
1660,g1338,2,5,2,1,7
1661,g1339,5,5,1,2,7
1662,g1340,4,2,2,2,4
1663,g1341,6,3,1,2,5
1664,g1342,2,5,2,1,7
1665,g1343,3,3,2,3,5
1666,g1344,6,4,1,2,6
1667,g1345,4,1,2,3,3
1668,g1346,3,1,2,1,3
1669,g1347,4,3,3,3,5
1670,g1348,4,4,2,2,6
1671,g1349,4,2,2,3,4
1672,g1350,2,5,2,1,7
1673,g1351,6,3,1,2,5
1674,g1352,3,3,2,1,5
1675,g1353,4,4,2,2,6
1676,g1354,3,3,2,1,5
1677,g1355,4,1,3,3,3
1678,g1356,3,3,2,1,5
1679,g1357,6,4,1,2,6
1680,g1358,6,3,1,2,5
1681,g1359,6,8,1,2,10
1682,g1360,4,1,2,3,3
1683,g1361,3,1,0,1,7
1684,g1362,4,2,2,3,4
1685,g1363,4,2,2,3,4
1686,g1364,4,1,3,3,3
1687,g1365,4,3,4,4,5
1688,g1366,4,1,3,3,3
1689,g1367,3,4,0,1,1
1690,g1368,6,3,1,2,5
1691,g1369,4,2,2,2,4
1692,g1370,6,2,1,2,4
1693,g1371,6,5,1,2,7
1694,g1372,4,4,4,4,6
1695,g1373,2,0,2,1,25
1696,g1374,3,3,0,1,1
1697,g1375,4,0,3,2,2
1698,g1376,3,1,0,1,29
1699,g1377,3,3,2,1,5
1700,g1378,4,3,2,3,5
1701,g1379,3,3,4,5,5
1702,g1380,2,5,2,1,7
1703,g1381,4,0,3,2,38
1704,g1382,3,3,2,1,5
1705,g1383,4,2,2,3,4
1706,g1384,4,2,2,3,4
1707,g1385,4,3,4,4,5
1708,g1386,3,3,4,5,5
1709,g1387,6,3,1,2,5
1710,g1388,4,2,4,4,4
1711,g1389,4,7,1,2,9
1712,g1390,6,2,1,2,4
1713,g1391,4,2,2,2,4
1714,g1392,4,7,2,3,9
1715,g1393,4,1,3,3,3
1716,g1394,5,6,1,2,8
1717,g1395,3,1,2,1,3
1718,g1396,3,3,2,1,5
1719,g1397,3,2,0,1,17
1720,g1398,4,4,2,2,6
1721,g1399,3,6,2,3,8
1722,g1400,4,0,3,4,2
1723,g1401,5,5,1,2,7
1724,g1402,4,1,2,3,3
1725,g1403,4,2,2,3,4
1726,g1404,5,4,1,2,6
1727,g1405,6,1,1,2,3
1728,g1406,6,3,1,2,5
1729,g1407,4,4,2,2,6
1730,g1408,3,3,4,5,5
1731,g1409,2,5,2,1,7
1732,g1410,6,4,1,2,6
1733,g1411,4,3,2,3,5
1734,g1412,6,4,1,2,6
1735,g1413,4,0,3,2,2
1736,g1414,5,5,1,2,7
1737,g1415,3,3,2,1,5
1738,g1416,4,3,4,4,5
1739,g1417,5,5,1,2,7
1740,g1418,6,3,1,2,5
1741,g1419,3,3,0,1,1
1742,g1420,4,3,2,3,5
1743,g1421,4,2,2,2,4
1744,g1422,4,1,3,3,3
1745,g1423,6,3,1,2,5
1746,g1424,6,6,1,2,8
1747,g1425,4,4,3,3,6
1748,g1426,6,2,1,2,4
1749,g1427,6,2,1,2,4
1750,g1428,4,1,2,3,3
1751,g1429,2,5,2,1,7
1752,g1430,6,6,1,2,8
1753,g1431,3,1,2,1,3
1754,g1432,4,4,2,2,6
1755,g1433,4,2,2,3,4
1756,g1434,5,4,1,2,6
1757,g1435,6,3,1,2,5
1758,g1436,6,2,1,2,4
1759,g1437,6,3,1,2,5
1760,g1438,3,1,0,1,7
1761,g1439,4,1,3,3,3
1762,g1440,4,1,3,4,3
1763,g1441,4,1,3,3,3
1764,g1442,6,3,1,2,5
1765,g1443,4,0,3,4,2
1766,g1444,4,1,3,3,3
1767,g1445,2,1,2,3,12
1768,g1446,6,2,1,2,4
1769,g1447,6,3,1,2,5
1770,g1448,4,3,2,3,5
1771,g1449,3,4,0,1,1
1772,g1450,4,0,3,2,2
1773,g1451,4,2,2,3,4
1774,g1452,2,5,2,1,7
1775,g1453,4,1,2,3,3
1776,g1454,3,3,2,3,5
1777,g1455,6,4,1,2,6
1778,g1456,2,1,4,2,6
1779,g1457,4,4,3,3,6
1780,g1458,6,2,1,2,4
1781,g1459,4,2,2,2,4
1782,g1460,4,0,3,2,2
1783,g1461,6,4,1,2,6
1784,g1462,3,3,2,1,5
1785,g1463,3,1,2,1,3
1786,g1464,4,4,3,3,6
1787,g1465,3,3,2,1,5
1788,g1466,3,3,4,5,5
1789,g1467,4,3,2,3,5
1790,g1468,3,3,3,1,5
1791,g1469,3,1,2,1,3
1792,g1470,5,5,1,2,7
1793,g1471,6,3,1,2,5
1794,g1472,4,2,4,4,4
1795,g1473,4,3,4,4,5
1796,g1474,3,4,0,1,1
1797,g1475,6,3,1,2,5
1798,g1476,4,2,2,2,4
1799,g1477,4,1,3,3,3
1800,g1478,6,2,1,2,4
1801,g1479,3,1,2,1,3
1802,g1480,4,2,2,3,4
1803,g1481,5,5,1,2,7
1804,g1482,3,1,2,1,3
1805,g1483,4,2,2,3,4
1806,g1484,3,1,2,1,3
1807,g1485,4,5,2,3,7
1808,g1486,6,3,1,2,5
1809,g1487,4,4,2,2,6
1810,g1488,4,2,4,4,4
1811,g1489,3,3,2,1,5
1812,g1490,6,2,1,2,4
1813,g1491,3,3,2,3,5
1814,g1492,4,5,2,3,7
1815,g1493,4,4,3,3,6
1816,g1494,4,2,2,2,4
1817,g1495,2,5,2,1,7
1818,g1496,4,1,3,3,3
1819,g1497,4,0,3,4,2
1820,g1498,2,5,2,1,7
1821,g1499,4,2,2,3,4
1822,g1500,4,4,3,3,6
1823,g1501,6,4,1,2,6
1824,g1502,4,4,3,3,6
1825,g1503,6,3,1,2,5
1826,g1504,6,3,1,2,5
1827,g1505,2,6,3,4,8
1828,g1506,3,1,2,1,3
1829,g1507,4,5,3,4,7
1830,g1508,3,3,2,1,5
1831,g1509,6,7,1,2,9
1832,g1510,5,4,1,2,6
1833,g1511,5,3,1,2,5
1834,g1512,4,2,2,3,4
1835,g1513,3,1,2,1,3
1836,g1514,4,0,3,2,9
1837,g1515,4,4,2,2,6
1838,g1516,4,1,3,3,3
1839,g1517,4,4,2,2,6
1840,g1518,4,2,2,3,4
1841,g1519,4,3,4,4,5
1842,g1520,4,3,2,3,5
1843,g1521,4,2,2,3,4
1844,g1522,4,4,2,2,6
1845,g1523,4,2,2,3,4
1846,g1524,4,3,3,3,5
1847,g1525,3,3,2,3,5
1848,g1526,4,4,2,2,6
1849,g1527,4,0,3,4,2
1850,g1528,4,3,4,4,5
1851,g1529,3,3,2,1,5
1852,g1530,3,4,0,1,1
1853,g1531,4,2,4,4,4
1854,g1532,4,1,2,3,3
1855,g1533,4,2,4,4,4
1856,g1534,5,0,1,1,8
1857,g1535,4,0,3,2,2
1858,g1536,4,1,2,3,3
1859,g1537,4,3,2,3,5
1860,g1538,5,5,1,2,7
1861,g1539,3,3,2,3,5
1862,g1540,4,4,2,2,6
1863,g1541,4,0,3,2,2
1864,g1542,4,1,3,3,3
1865,g1543,2,5,2,1,7
1866,g1544,4,2,2,2,4
1867,g1545,4,2,2,3,4
1868,g1546,3,3,4,5,5
1869,g1547,3,3,4,5,5
1870,g1548,4,5,2,3,7
1871,g1549,6,3,1,2,5
1872,g1550,6,3,1,2,5
1873,g1551,3,3,0,1,1
1874,g1552,4,2,2,3,4
1875,g1553,4,2,2,3,4
1876,g1554,4,1,2,3,3
1877,g1555,4,2,2,3,4
1878,g1556,2,0,2,1,8
1879,g1557,3,3,0,1,1
1880,g1558,8,7,1,2,9
1881,g1559,4,7,1,2,9
1882,g1560,4,3,3,3,5
1883,g1561,4,2,2,2,4
1884,g1562,4,2,2,2,4
1885,g1563,4,1,2,3,3
1886,g1564,6,3,1,2,5
1887,g1565,4,1,3,3,3
1888,g1566,2,6,3,2,8
1889,g1567,5,0,1,1,18
1890,g1568,4,0,3,2,2
1891,g1569,3,3,2,1,5
1892,g1570,3,4,0,1,1
1893,g1571,4,2,4,4,4
1894,g1572,4,4,3,3,6
1895,g1573,3,4,0,1,1
1896,g1574,6,3,1,2,5
1897,g1575,4,4,2,3,9
1898,g1576,6,5,1,2,7
1899,g1577,4,1,2,3,3
1900,g1578,4,2,2,2,4
1901,g1579,4,1,3,3,3
1902,g1580,4,5,1,2,7
1903,g1581,4,3,2,2,5
1904,g1582,4,4,2,2,6
1905,g1583,4,0,3,2,2
1906,g1584,4,4,2,2,6
1907,g1585,5,5,1,2,7
1908,g1586,5,5,1,2,7
1909,g1587,4,2,2,2,4
1910,g1588,6,3,1,2,5
1911,g1589,3,6,2,3,8
1912,g1590,6,2,1,2,15
1913,g1591,4,3,4,4,5
1914,g1592,3,3,4,5,5
1915,g1593,6,3,1,2,5
1916,g1594,6,4,1,2,6
1917,g1595,2,6,2,3,8
1918,g1596,4,2,4,4,4
1919,g1597,3,3,0,1,1
1920,g1598,4,2,2,3,4
1921,g1599,6,2,1,2,4
1922,g1600,4,5,2,3,7
1923,g1601,4,1,1,2,9
1924,g1602,4,0,3,2,2
1925,g1603,4,3,2,3,5
1926,g1604,6,3,1,2,5
1927,g1605,4,3,3,3,5
1928,g1606,3,4,0,1,1
1929,g1607,3,1,2,1,3
1930,g1608,4,4,2,2,6
1931,g1609,3,4,0,1,12
1932,g1610,6,5,1,2,7
1933,g1611,5,5,1,2,7
1934,g1612,2,7,2,3,9
1935,g1613,4,3,4,4,5
1936,g1614,6,3,1,2,5
1937,g1615,5,5,1,2,7
1938,g1616,6,3,1,2,5
1939,g1617,4,2,2,3,4
1940,g1618,3,4,0,1,1
1941,g1619,6,3,1,2,5
1942,g1620,6,4,1,2,6
1943,g1621,4,4,4,4,6
1944,g1622,4,7,2,3,9
1945,g1623,4,3,3,3,5
1946,g1624,4,4,4,4,6
1947,g1625,4,4,2,2,6
1948,g1626,5,6,1,2,8
1949,g1627,4,2,2,2,4
1950,g1628,4,0,3,2,2
1951,g1629,3,3,4,5,5
1952,g1630,4,2,4,4,4
1953,g1631,5,5,1,2,7
1954,g1632,4,3,3,3,5
1955,g1633,3,6,2,3,8
1956,g1634,3,1,2,1,3
1957,g1635,4,2,2,3,4
1958,g1636,2,5,2,1,7
1959,g1637,3,3,2,1,5
1960,g1638,3,5,3,4,7
1961,g1639,1,5,3,4,7
1962,g1640,3,4,0,1,1
1963,g1641,4,1,3,3,3
1964,g1642,4,2,2,2,4
1965,g1643,3,6,2,3,8
1966,g1644,4,1,1,2,26
1967,g1645,2,6,2,1,8
1968,g1646,4,1,3,3,3
1969,g1647,4,3,3,3,5
1970,g1648,6,3,1,2,5
1971,g1649,4,2,2,3,4
1972,g1650,4,0,3,2,2
1973,g1651,4,2,2,3,4
1974,g1652,6,3,1,2,5
1975,g1653,4,1,2,3,3
1976,g1654,3,4,0,1,1
1977,g1655,4,0,3,4,2
1978,g1656,2,5,2,1,7
1979,g1657,4,1,3,3,3
1980,g1658,3,3,0,1,1
1981,g1659,5,10,1,2,12
1982,g1660,4,2,2,2,4
1983,g1661,6,3,1,2,5
1984,g1662,6,2,1,2,4
1985,g1663,4,6,1,2,8
1986,g1664,3,2,2,3,15
1987,g1665,4,3,4,4,5
1988,g1666,3,3,2,1,5
1989,g1667,4,1,2,3,3
1990,g1668,3,1,2,1,3
1991,g1669,4,1,2,3,3
1992,g1670,4,3,4,4,5
1993,g1671,4,1,3,3,3
1994,g1672,5,5,1,2,7
1995,g1673,3,1,2,1,3
1996,g1674,4,5,2,3,7
1997,g1675,6,3,1,2,5
1998,g1676,6,3,1,2,5
1999,g1677,5,0,1,1,28
2000,g1678,5,3,1,2,15
2001,g1679,5,4,1,2,6
2002,g1680,3,3,2,1,5
2003,g1681,3,4,0,1,1
2004,g1682,4,3,3,3,5
2005,g1683,4,2,2,3,40
2006,g1684,4,1,2,3,3
2007,g1685,4,4,2,3,6
2008,g1686,4,2,2,2,4
2009,g1687,4,7,1,2,9
2010,g1688,4,4,2,2,6
2011,g1689,6,3,1,2,5
2012,g1690,4,1,2,3,3
2013,g1691,3,3,2,1,5
2014,g1692,6,3,1,2,5
2015,g1693,4,4,2,2,6
2016,g1694,6,2,1,2,4
2017,g1695,2,5,2,1,7
2018,g1696,4,2,2,3,4
2019,g1697,6,3,1,2,5
2020,g1698,4,2,2,2,4
2021,g1699,4,7,1,2,9
2022,g1700,3,1,2,1,3
2023,g1701,6,6,1,2,8
2024,g1702,4,7,1,2,9
2025,g1703,3,3,0,1,11
2026,g1704,6,3,1,2,5
2027,g1705,4,7,2,3,9
2028,g1706,3,3,0,1,1
2029,g1707,5,5,1,2,7
2030,g1708,2,5,2,1,7
2031,g1709,6,3,1,2,15
2032,g1710,6,6,1,2,8
2033,g1711,4,0,3,2,2
2034,g1712,4,2,2,2,4
2035,g1713,4,2,2,3,4
2036,g1714,4,2,2,3,4
2037,g1715,6,4,1,2,6
2038,g1716,2,5,2,1,7
2039,g1717,2,5,2,1,7
2040,g1718,3,3,4,5,5
2041,g1719,6,3,1,2,5
2042,g1720,6,6,1,2,8
2043,g1721,6,6,1,2,8
2044,g1722,6,4,1,2,6
2045,g1723,6,3,1,2,5
2046,g1724,4,0,3,2,2
2047,g1725,4,5,2,2,7
2048,g1726,4,4,3,3,6
2049,g1727,5,5,1,2,7
2050,g1728,3,1,2,1,3
2051,g1729,4,0,3,2,2
2052,g1730,4,2,2,2,4
2053,g1731,4,3,4,4,5
2054,g1732,4,2,2,3,4
2055,g1733,4,2,2,3,4
2056,g1734,2,3,2,3,6
2057,g1735,2,5,2,1,7
2058,g1736,4,2,2,2,4
2059,g1737,4,9,2,3,11
2060,g1738,4,2,2,3,4
2061,g1739,2,5,2,1,7
2062,g1740,5,4,1,2,6
2063,g1741,4,3,2,3,5
2064,g1742,4,3,4,4,5
2065,g1743,4,3,2,3,5
2066,g1744,6,3,1,2,5
2067,g1745,3,3,4,5,5
2068,g1746,6,3,1,2,5
2069,g1747,3,3,2,1,5
2070,g1748,4,2,2,2,4
2071,g1749,4,2,2,2,4
2072,g1750,4,2,2,2,4
2073,g1751,4,3,2,3,5
2074,g1752,6,3,1,2,5
2075,g1753,4,4,2,2,6
2076,g1754,6,3,1,2,5
2077,g1755,4,4,4,4,6
2078,g1756,4,1,3,3,3
2079,g1757,4,3,2,3,5
2080,g1758,4,4,2,2,6
2081,g1759,4,2,2,3,4
2082,g1760,3,1,2,1,3
2083,g1761,3,4,0,1,1
2084,g1762,3,3,4,5,5
2085,g1763,4,2,4,4,4
2086,g1764,6,3,1,2,5
2087,g1765,6,3,1,2,5
2088,g1766,4,2,2,2,4
2089,g1767,4,2,2,3,4
2090,g1768,6,2,1,2,4
2091,g1769,6,2,1,2,4
2092,g1770,4,4,2,2,6
2093,g1771,2,5,2,1,7
2094,g1772,2,10,4,5,12
2095,g1773,2,5,2,1,7
2096,g1774,4,4,2,2,6
2097,g1775,4,4,4,4,6
2098,g1776,3,3,2,1,5
2099,g1777,4,1,2,3,3
2100,g1778,4,2,2,3,4
2101,g1779,4,2,2,3,4
2102,g1780,4,4,4,4,6
2103,g1781,6,3,1,2,5
2104,g1782,4,4,2,2,6
2105,g1783,5,5,1,2,7
2106,g1784,4,2,2,3,4
2107,g1785,3,3,2,1,5
2108,g1786,2,0,3,1,11
2109,g1787,3,3,4,5,5
2110,g1788,4,4,2,2,6
2111,g1789,4,0,3,2,2
2112,g1790,6,7,1,2,9
2113,g1791,6,2,1,2,4
2114,g1792,4,1,3,3,3
2115,g1793,4,1,2,3,3
2116,g1794,2,6,2,3,8
2117,g1795,4,4,3,3,6
2118,g1796,4,1,3,3,3
2119,g1797,2,6,2,1,8
2120,g1798,6,2,1,2,4
2121,g1799,3,1,2,1,3
2122,g1800,3,4,0,1,1
2123,g1801,6,3,1,2,5
2124,g1802,6,3,1,2,5
2125,g1803,4,0,3,2,2
2126,g1804,4,0,3,2,2
2127,g1805,4,1,3,3,3
2128,g1806,3,6,2,3,8
2129,g1807,4,2,2,3,4
2130,g1808,4,2,2,2,4
2131,g1809,5,5,1,2,7
2132,g1810,3,4,0,1,1
2133,g1811,5,3,1,2,5
2134,g1812,4,1,2,3,3
2135,g1813,4,1,2,3,3
2136,g1814,3,3,0,1,1
2137,g1815,4,0,3,2,2
2138,g1816,3,3,2,1,5
2139,g1817,3,1,2,1,3
2140,g1818,3,1,2,1,3
2141,g1819,4,4,2,2,6
2142,g1820,4,2,2,3,4
2143,g1821,6,3,1,2,5
2144,g1822,4,0,3,2,2
2145,g1823,6,2,1,2,4
2146,g1824,4,2,4,4,4
2147,g1825,3,1,2,1,3
2148,g1826,4,2,2,2,4
2149,g1827,3,4,0,1,1
2150,g1828,3,3,2,3,5
2151,g1829,3,3,3,4,5
2152,g1830,3,1,2,1,3
2153,g1831,4,1,2,3,3
2154,g1832,5,3,1,2,5
2155,g1833,3,4,0,1,1
2156,g1834,5,5,1,2,7
2157,g1835,5,6,1,2,8
2158,g1836,2,7,2,3,9
2159,g1837,1,2,-1,1,8
2160,g1838,4,2,2,2,4
2161,g1839,4,0,3,2,2
2162,g1840,4,2,2,3,4
2163,g1841,6,3,1,2,5
2164,g1842,4,3,4,4,5
2165,g1843,4,1,2,3,3
2166,g1844,3,1,2,1,3
2167,g1845,4,4,3,3,6
2168,g1846,3,1,2,1,3
2169,g1847,4,2,2,2,4
2170,g1848,3,4,0,1,1
2171,g1849,4,4,3,3,6
2172,g1850,3,3,2,3,5
2173,g1851,6,3,1,2,5
2174,g1852,5,3,1,2,5
2175,g1853,6,3,1,2,5
2176,g1854,3,1,2,1,3
2177,g1855,4,2,2,3,4
2178,g1856,6,3,1,2,5
2179,g1857,3,2,0,1,1
2180,g1858,6,3,1,2,5
2181,g1859,4,0,3,2,2
2182,g1860,4,2,2,3,4
2183,g1861,4,4,2,3,6
2184,g1862,4,0,3,2,2
2185,g1863,4,2,2,3,4
2186,g1864,3,6,2,3,8
2187,g1865,3,1,2,1,3
2188,g1866,3,6,2,3,8
2189,g1867,6,2,1,2,4
2190,g1868,6,6,1,2,8
2191,g1869,5,0,1,1,30
2192,g1870,3,1,2,1,3
2193,g1871,3,4,0,1,1
2194,g1872,5,5,1,2,7
2195,g1873,4,4,3,3,6
2196,g1874,3,4,0,1,1
2197,g1875,5,4,1,2,6
2198,g1876,4,1,2,3,3
2199,g1877,4,1,1,2,9
2200,g1878,4,0,3,2,2
2201,g1879,6,3,1,2,5
2202,g1880,2,0,3,1,11
2203,g1881,6,3,1,2,5
2204,g1882,3,3,2,1,5
2205,g1883,3,1,2,1,3
2206,g1884,5,5,1,2,7
2207,g1885,2,0,2,1,12
2208,g1886,4,3,2,3,5
2209,g1887,3,1,2,1,3
2210,g1888,4,3,3,3,5
2211,g1889,1,5,3,4,7
2212,g1890,4,2,2,2,4
2213,g1891,3,3,2,3,5
2214,g1892,4,4,2,2,6
2215,g1893,6,3,1,2,5
2216,g1894,4,0,3,4,2
2217,g1895,4,4,3,3,6
2218,g1896,4,1,3,3,3
2219,g1897,4,2,2,3,4
2220,g1898,3,3,2,1,5
2221,g1899,3,3,0,1,1
2222,g1900,4,1,3,3,3
2223,g1901,4,3,2,3,5
2224,g1902,3,4,0,1,1
2225,g1903,4,0,3,2,2
2226,g1904,5,6,1,2,8
2227,g1905,3,3,2,1,5
2228,g1906,2,6,3,4,8
2229,g1907,4,2,2,2,4
2230,g1908,4,5,2,3,7
2231,g1909,3,4,0,1,1
2232,g1910,4,2,2,3,4
2233,g1911,4,4,4,4,6
2234,g1912,4,4,3,3,6
2235,g1913,4,3,4,4,5
2236,g1914,3,4,0,1,1
2237,g1915,4,3,3,3,5
2238,g1916,4,0,3,2,2
2239,g1917,6,3,1,2,5
2240,g1918,4,2,2,3,4
2241,g1919,4,2,2,3,4
2242,g1920,3,1,0,1,31
2243,g1921,3,1,2,1,3
2244,g1922,4,0,3,2,2
2245,g1923,4,3,4,4,5
2246,g1924,4,0,3,2,2
2247,g1925,6,3,1,2,5
2248,g1926,6,6,1,2,8
2249,g1927,6,3,1,2,5
2250,g1928,3,3,4,5,5
2251,g1929,4,0,3,2,2
2252,g1930,3,5,2,3,7
2253,g1931,4,2,2,3,4
2254,g1932,5,4,1,2,6
2255,g1933,8,8,1,2,10
2256,g1934,4,0,3,2,2
2257,g1935,6,6,1,2,8
2258,g1936,6,3,1,2,5
2259,g1937,3,1,2,1,3
2260,g1938,4,0,3,2,2
2261,g1939,3,3,4,5,5
2262,g1940,4,4,4,4,6
2263,g1941,6,4,1,2,6
2264,g1942,5,6,1,2,8
2265,g1943,6,3,1,2,5
2266,g1944,4,5,2,3,7
2267,g1945,6,3,1,2,5
2268,g1946,8,7,1,2,9
2269,g1947,4,2,2,3,4
2270,g1948,3,3,2,3,5
2271,g1949,6,4,1,2,6
2272,g1950,6,3,1,2,5
2273,g1951,4,4,3,3,6
2274,g1952,3,3,0,1,5
2275,g1953,4,2,2,3,4
2276,g1954,3,3,2,1,5
2277,g1955,6,2,1,2,4
2278,g1956,3,3,2,1,5
2279,g1957,2,4,3,4,6
2280,g1958,4,0,3,2,2
2281,g1959,5,5,1,2,7
2282,g1960,2,5,2,1,7
2283,g1961,3,3,2,1,5
2284,g1962,4,1,3,3,3
2285,g1963,3,1,2,1,3
2286,g1964,4,1,2,3,3
2287,g1965,3,3,2,3,5
2288,g1966,4,2,2,2,4
2289,g1967,3,5,2,3,7
2290,g1968,4,1,3,3,3
2291,g1969,4,2,2,3,4
2292,g1970,3,3,4,5,5
2293,g1971,6,2,1,2,7
2294,g1972,4,0,3,4,2
2295,g1973,4,0,3,2,2
2296,g1974,3,4,0,1,1
2297,g1975,4,2,4,4,4
2298,g1976,6,3,1,2,5
2299,g1977,4,3,2,3,5
2300,g1978,3,3,2,1,5
2301,g1979,3,3,2,3,5
2302,g1980,4,1,3,3,3
2303,g1981,4,0,3,2,2
2304,g1982,4,1,3,3,3
2305,g1983,2,5,2,1,7
2306,g1984,3,4,0,1,1
2307,g1985,3,3,4,5,5
2308,g1986,4,1,2,3,3
2309,g1987,3,3,0,1,1
2310,g1988,3,3,4,5,5
2311,g1989,4,4,4,4,6
2312,g1990,3,4,0,1,1
2313,g1991,4,4,2,2,6
2314,g1992,6,2,1,2,4
2315,g1993,6,2,1,2,4
2316,g1994,2,5,2,1,7
2317,g1995,3,6,2,3,8
2318,g1996,3,3,2,1,5
2319,g1997,6,3,1,2,5
2320,g1998,4,0,3,2,2
2321,g1999,3,4,0,1,1
2322,g2000,3,4,0,1,1
2323,g2001,3,4,0,1,1
2324,g2002,6,5,1,2,7
2325,g2003,3,3,2,1,5
2326,g2004,4,1,3,3,3
2327,g2005,6,6,1,2,8
2328,g2006,4,3,4,4,5
2329,g2007,6,3,1,2,5
2330,g2008,6,4,1,2,6
2331,g2009,4,2,2,3,4
2332,g2010,4,1,2,3,3
2333,g2011,2,3,2,3,16
2334,g2012,4,9,1,2,11
2335,g2013,4,1,3,3,3
2336,g2014,5,5,1,2,7
2337,g2015,3,3,0,1,1
2338,g2016,6,4,1,2,6
2339,g2017,8,5,1,2,10
2340,g2018,5,5,1,2,7
2341,g2019,3,3,0,1,1
2342,g2020,4,2,2,3,4
2343,g2021,6,3,1,2,5
2344,g2022,6,3,1,2,5
2345,g2023,6,6,1,2,8
2346,g2024,3,3,4,5,5
2347,g2025,4,1,2,3,3
2348,g2026,3,3,4,5,5
2349,g2027,6,3,1,2,5
2350,g2028,4,2,2,3,4
2351,g2029,4,3,2,3,5
2352,g2030,4,4,2,2,6
2353,g2031,4,2,2,2,4
2354,g2032,4,2,4,4,4
2355,g2033,6,2,1,2,4
2356,g2034,6,3,1,2,5
2357,g2035,3,3,2,1,5
2358,g2036,6,3,1,2,5
2359,g2037,3,4,0,1,1
2360,g2038,4,5,2,3,7
2361,g2039,4,2,2,2,4
2362,g2040,6,6,1,2,8
2363,g2041,4,1,3,3,3
2364,g2042,4,2,2,3,4
2365,g2043,2,5,2,1,7
2366,g2044,3,5,3,4,7
2367,g2045,4,2,2,2,4
2368,g2046,5,5,1,2,7
2369,g2047,6,3,1,2,5
2370,g2048,3,4,0,1,1
2371,g2049,3,3,2,1,5
2372,g2050,3,4,0,1,1
2373,g2051,3,6,2,3,8
2374,g2052,3,3,2,1,5
2375,g2053,5,5,1,2,7
2376,g2054,4,5,2,3,7
2377,g2055,6,2,1,2,4
2378,g2056,2,8,2,3,10
2379,g2057,3,4,0,1,1
2380,g2058,3,4,0,1,1
2381,g2059,4,1,2,3,3
2382,g2060,3,1,2,1,3
2383,g2061,4,1,2,3,3
2384,g2062,3,3,0,1,1
2385,g2063,3,4,0,1,1
2386,g2064,6,2,1,2,15
2387,g2065,2,5,2,1,7
2388,g2066,3,1,2,1,3
2389,g2067,4,4,3,3,6
2390,g2068,4,7,1,2,9
2391,g2069,3,3,0,1,1
2392,g2070,3,3,2,3,5
2393,g2071,8,7,1,2,9
2394,g2072,5,6,1,2,8
2395,g2073,3,4,0,1,1
2396,g2074,6,6,1,2,8
2397,g2075,4,2,2,2,4
2398,g2076,2,0,3,1,13
2399,g2077,3,1,0,1,21
2400,g2078,4,1,2,3,3
2401,g2079,5,3,1,2,16
2402,g2080,4,3,4,4,5
2403,g2081,3,3,2,1,5
2404,g2082,5,5,1,2,7
2405,g2083,4,0,3,4,2
2406,g2084,4,2,2,2,4
2407,g2085,4,2,2,3,4
2408,g2086,4,4,2,2,6
2409,g2087,4,2,2,3,4
2410,g2088,2,5,2,1,7
2411,g2089,4,4,3,3,6
2412,g2090,3,3,2,1,5
2413,g2091,3,3,2,3,5
2414,g2092,4,2,2,3,4
2415,g2093,4,1,3,3,3
2416,g2094,4,0,3,4,2
2417,g2095,3,1,2,1,3
2418,g2096,6,2,1,2,4
2419,g2097,2,5,2,1,7
2420,g2098,4,4,4,4,6
2421,g2099,4,3,4,4,5
2422,g2100,6,4,1,2,6
2423,g2101,3,3,0,1,1
2424,g2102,3,4,0,1,1
2425,g2103,4,0,3,2,2
2426,g2104,6,4,1,2,6
2427,g2105,4,7,1,2,9
2428,g2106,4,6,2,3,8
2429,g2107,4,0,3,4,2
2430,g2108,4,4,2,2,6
2431,g2109,3,4,0,1,1
2432,g2110,4,0,3,4,2
2433,g2111,3,3,2,1,5
2434,g2112,6,4,1,2,6
2435,g2113,4,2,2,2,4
2436,g2114,2,5,2,1,7
2437,g2115,3,3,2,1,5
2438,g2116,3,3,0,1,12
2439,g2117,5,5,1,2,7
2440,g2118,6,3,1,2,5
2441,g2119,4,0,3,2,2
2442,g2120,3,3,4,5,5
2443,g2121,4,0,3,4,2
2444,g2122,4,1,2,3,3
2445,g2123,6,3,1,2,5
2446,g2124,4,0,3,4,2
2447,g2125,6,2,1,2,4
2448,g2126,4,1,2,3,3
2449,g2127,4,0,3,2,2
2450,g2128,4,2,2,2,4
2451,g2129,4,5,2,2,7
2452,g2130,3,1,2,1,3
2453,g2131,3,1,2,1,3
2454,g2132,4,5,3,4,7
2455,g2133,4,0,3,2,2
2456,g2134,4,2,2,3,4
2457,g2135,4,4,2,3,6
2458,g2136,4,1,2,3,3
2459,g2137,4,1,3,3,3
2460,g2138,4,4,2,3,6
2461,g2139,4,4,4,4,6
2462,g2140,4,0,3,4,2
2463,g2141,4,3,2,3,5
2464,g2142,3,4,0,1,1
2465,g2143,4,0,3,2,2
2466,g2144,4,0,3,2,2
2467,g2145,4,5,2,2,7
2468,g2146,4,0,3,2,2
2469,g2147,2,5,2,1,7
2470,g2148,2,5,2,1,7
2471,g2149,4,2,2,2,4
2472,g2150,4,2,2,3,4
2473,g2151,4,1,2,3,3
2474,g2152,6,6,1,2,8
2475,g2153,4,2,4,4,4
2476,g2154,4,3,2,3,5
2477,g2155,2,5,2,1,7
2478,g2156,4,1,2,3,3
2479,g2157,4,0,3,2,2
2480,g2158,6,3,1,2,5
2481,g2159,1,6,2,3,8
2482,g2160,4,1,3,3,3
2483,g2161,4,4,2,2,6
2484,g2162,6,2,1,2,13
2485,g2163,5,6,1,2,8
2486,g2164,4,1,3,3,3
2487,g2165,5,5,1,2,7
2488,g2166,4,2,2,2,4
2489,g2167,4,1,2,3,3
2490,g2168,4,3,3,3,5
2491,g2169,3,3,2,1,5
2492,g2170,2,5,2,1,7
2493,g2171,4,1,2,3,3
2494,g2172,4,2,2,2,4
2495,g2173,2,5,2,1,7
2496,g2174,3,3,2,3,5
2497,g2175,3,1,2,1,3
2498,g2176,3,4,0,1,1
2499,g2177,3,3,2,1,5
2500,g2178,4,0,3,4,2
2501,g2179,3,1,2,1,3
2502,g2180,4,4,2,2,6
2503,g2181,4,7,1,2,9
2504,g2182,5,3,1,2,5
2505,g2183,4,4,2,2,6
2506,g2184,6,3,1,2,5
2507,g2185,3,3,2,1,5
2508,g2186,4,4,2,2,6
2509,g2187,4,1,2,3,3
2510,g2188,4,3,3,3,5
2511,g2189,4,1,3,3,3
2512,g2190,4,2,2,3,4
2513,g2191,6,6,1,2,8
2514,g2192,6,3,1,2,5
2515,g2193,6,3,1,2,5
2516,g2194,2,5,2,1,7
2517,g2195,6,6,1,2,8
2518,g2196,4,1,2,3,3
2519,g2197,4,3,4,4,5
2520,g2198,6,3,1,2,5
2521,g2199,3,4,0,1,1
2522,g2200,3,1,2,1,3
2523,g2201,6,4,1,2,6
2524,g2202,6,2,1,2,4
2525,g2203,6,4,1,2,6
2526,g2204,2,5,2,1,7
2527,g2205,3,4,0,1,1
2528,g2206,3,4,0,1,1
2529,g2207,4,2,2,3,4
2530,g2208,4,1,3,3,3
2531,g2209,4,2,2,2,4
2532,g2210,6,3,1,2,5
2533,g2211,4,7,1,2,9
2534,g2212,4,4,2,2,6
2535,g2213,6,4,1,2,6
2536,g2214,3,3,4,5,5
2537,g2215,3,4,0,1,1
2538,g2216,4,4,2,2,6
2539,g2217,2,7,2,3,9
2540,g2218,4,2,2,3,4
2541,g2219,3,3,2,1,5
2542,g2220,6,3,1,2,5
2543,g2221,4,4,2,2,6
2544,g2222,4,2,2,2,4
2545,g2223,4,4,4,4,6
2546,g2224,4,3,4,4,5
2547,g2225,2,5,2,1,7
2548,g2226,2,6,2,3,8
2549,g2227,4,2,2,3,4
2550,g2228,6,6,1,2,8
2551,g2229,6,2,1,2,4
2552,g2230,4,1,3,3,3
2553,g2231,6,4,1,2,6
2554,g2232,3,3,2,1,5
2555,g2233,4,5,2,3,7
2556,g2234,3,6,2,3,8
2557,g2235,4,5,1,2,7
2558,g2236,6,3,1,2,5
2559,g2237,4,1,3,3,3
2560,g2238,6,6,1,2,8
2561,g2239,6,3,1,2,5
2562,g2240,4,5,2,3,7
2563,g2241,4,3,4,4,5
2564,g2242,6,3,1,2,5
2565,g2243,4,2,2,2,4
2566,g2244,6,6,1,2,8
2567,g2245,4,0,3,2,2
2568,g2246,6,3,1,2,5
2569,g2247,8,7,1,2,9
2570,g2248,8,4,1,2,6
2571,g2249,6,3,1,2,5
2572,g2250,6,6,1,2,8
2573,g2251,6,2,1,2,4
2574,g2252,4,1,3,3,3
2575,g2253,4,4,4,4,6
2576,g2254,4,2,2,3,4
2577,g2255,4,0,3,2,2
2578,g2256,3,1,0,1,12
2579,g2257,4,1,2,3,3
2580,g2258,4,0,3,4,2
2581,g2259,6,3,1,2,5
2582,g2260,4,1,3,3,3
2583,g2261,4,2,2,3,4
2584,g2262,4,0,3,4,2
2585,g2263,4,1,3,3,3
2586,g2264,4,2,2,2,4
2587,g2265,6,3,1,2,5
2588,g2266,4,1,2,3,3
2589,g2267,5,4,1,2,6
2590,g2268,4,4,2,2,6
2591,g2269,3,3,2,3,5
2592,g2270,5,6,1,2,8
2593,g2271,5,5,1,2,7
2594,g2272,5,6,1,2,8
2595,g2273,4,6,2,3,8
2596,g2274,3,1,2,1,3
2597,g2275,3,1,2,1,3
2598,g2276,3,3,4,5,5
2599,g2277,6,3,1,2,5
2600,g2278,2,5,2,1,7
2601,g2279,4,5,2,2,7
2602,g2280,4,1,3,3,3
2603,g2281,6,3,1,2,5
2604,g2282,4,2,2,2,4
2605,g2283,4,0,3,2,2
2606,g2284,3,3,4,5,5
2607,g2285,4,2,2,3,4
2608,g2286,4,1,2,3,3
2609,g2287,4,5,2,3,7
2610,g2288,4,2,4,4,4
2611,g2289,3,1,2,1,3
2612,g2290,6,3,1,2,5
2613,g2291,3,4,0,1,1
2614,g2292,6,3,1,2,5
2615,g2293,4,4,4,4,6
2616,g2294,3,8,2,3,10
2617,g2295,4,2,2,3,4
2618,g2296,6,3,1,2,5
2619,g2297,4,1,2,3,3
2620,g2298,2,0,2,1,32
2621,g2299,3,4,0,1,1
2622,g2300,4,1,3,3,3
2623,g2301,6,4,1,2,6
2624,g2302,3,3,0,1,1
2625,g2303,2,5,2,1,7
2626,g2304,5,5,1,2,7
2627,g2305,5,5,1,2,7
2628,g2306,4,0,3,4,2
2629,g2307,3,3,0,1,5
2630,g2308,6,3,1,2,5
2631,g2309,4,5,2,3,7
2632,g2310,6,3,1,2,5
2633,g2311,4,4,3,3,6
2634,g2312,4,3,2,3,5
2635,g2313,3,3,2,1,5
2636,g2314,3,3,2,1,5
2637,g2315,3,4,0,1,1
2638,g2316,4,2,2,2,4
2639,g2317,8,7,1,2,9
2640,g2318,3,3,2,3,5
2641,g2319,4,2,2,3,4
2642,g2320,4,1,3,3,3
2643,g2321,6,3,1,2,5
2644,g2322,2,5,2,1,7
2645,g2323,4,2,2,3,4
2646,g2324,6,3,1,2,5
2647,g2325,2,5,2,1,7
2648,g2326,4,1,2,3,3
2649,g2327,6,3,1,2,5
2650,g2328,4,2,2,2,4
2651,g2329,4,0,3,2,2
2652,g2330,4,1,3,3,3
2653,g2331,4,0,3,4,2
2654,g2332,3,3,2,1,5
2655,g2333,4,0,3,2,2
2656,g2334,4,0,3,2,2
2657,g2335,4,1,3,3,3
2658,g2336,2,5,2,1,7
2659,g2337,4,0,3,2,2
2660,g2338,4,3,4,4,5
2661,g2339,6,2,1,2,4
2662,g2340,3,3,2,1,5
2663,g2341,6,3,1,2,5
2664,g2342,3,1,0,1,7
2665,g2343,4,2,2,2,4
2666,g2344,4,1,2,3,3
2667,g2345,6,2,1,2,4
2668,g2346,4,2,2,3,4
2669,g2347,4,0,3,2,2
2670,g2348,6,4,1,2,6
2671,g2349,4,2,2,2,4
2672,g2350,4,2,2,3,4
2673,g2351,2,5,2,1,7
2674,g2352,6,5,1,2,7
2675,g2353,4,3,2,3,5
2676,g2354,4,4,2,2,6
2677,g2355,3,1,2,1,3
2678,g2356,6,3,1,2,5
2679,g2357,4,4,2,3,6
2680,g2358,4,1,3,3,3
2681,g2359,6,3,1,2,5
2682,g2360,6,4,1,2,6
2683,g2361,3,3,4,5,5
2684,g2362,3,3,2,1,5
2685,g2363,2,1,3,4,13
2686,g2364,5,0,1,1,6
2687,g2365,4,4,3,3,6
2688,g2366,6,4,1,2,6
2689,g2367,4,2,2,3,4
2690,g2368,2,5,2,1,7
2691,g2369,4,3,3,3,5
2692,g2370,4,0,3,2,2
2693,g2371,2,5,2,1,7
2694,g2372,6,3,1,2,5
2695,g2373,6,3,1,2,5
2696,g2374,2,5,2,1,7
2697,g2375,4,0,3,2,2
2698,g2376,3,3,0,1,1
2699,g2377,3,3,2,1,5
2700,g2378,4,2,2,3,4
2701,g2379,4,1,2,3,3
2702,g2380,4,5,2,2,7
2703,g2381,4,1,2,3,3
2704,g2382,3,1,2,1,3
2705,g2383,6,2,1,2,4
2706,g2384,3,4,0,1,1
2707,g2385,3,4,0,1,1
2708,g2386,3,1,2,1,3
2709,g2387,4,4,3,3,6
2710,g2388,4,2,2,3,4
2711,g2389,4,3,4,4,5
2712,g2390,2,5,2,1,7
2713,g2391,4,4,2,2,6
2714,g2392,6,2,1,2,4
2715,g2393,6,3,1,2,5
2716,g2394,6,3,1,2,5
2717,g2395,4,2,2,3,4
2718,g2396,5,5,1,2,7
2719,g2397,2,5,2,1,7
2720,g2398,3,4,0,1,1
2721,g2399,4,4,4,4,6
2722,g2400,4,4,3,3,6
2723,g2401,3,3,0,1,1
2724,g2402,4,3,3,3,5
2725,g2403,6,3,1,2,5
2726,g2404,3,3,2,1,5
2727,g2405,4,7,1,2,9
2728,g2406,4,2,2,2,4
2729,g2407,4,5,3,4,7
2730,g2408,3,3,2,1,5
2731,g2409,5,6,1,2,8
2732,g2410,4,5,2,3,7
2733,g2411,4,1,2,3,3
2734,g2412,6,3,1,2,5
2735,g2413,4,5,2,3,7
2736,g2414,3,3,2,1,5
2737,g2415,5,5,1,2,7
2738,g2416,4,4,4,4,6
2739,g2417,4,1,3,3,3
2740,g2418,2,5,2,1,7
2741,g2419,4,3,3,3,5
2742,g2420,2,5,2,3,7
2743,g2421,4,2,2,3,4
2744,g2422,6,4,1,2,6
2745,g2423,2,5,2,1,7
2746,g2424,4,2,2,2,4
2747,g2425,4,3,3,3,5
2748,g2426,2,5,2,1,7
2749,g2427,4,0,3,2,2
2750,g2428,4,1,3,3,3
2751,g2429,4,2,2,2,4
2752,g2430,3,2,0,1,14
2753,g2431,3,3,0,1,1
2754,g2432,6,3,1,2,5
2755,g2433,4,3,4,4,5
2756,g2434,3,3,2,3,5
2757,g2435,3,6,2,3,8
2758,g2436,6,3,1,2,5
2759,g2437,6,2,1,2,4
2760,g2438,4,2,2,2,4
2761,g2439,3,3,0,1,1
2762,g2440,4,4,2,2,6
2763,g2441,6,3,1,2,5
2764,g2442,4,1,2,3,3
2765,g2443,2,5,2,1,7
2766,g2444,6,2,1,2,4
2767,g2445,4,2,2,2,4
2768,g2446,4,0,3,2,2
2769,g2447,4,0,3,2,2
2770,g2448,4,2,2,2,4
2771,g2449,3,4,0,1,1
2772,g2450,3,6,2,3,8
2773,g2451,4,2,2,3,4
2774,g2452,6,3,1,2,5
2775,g2453,6,4,1,2,6
2776,g2454,4,3,3,3,5
2777,g2455,3,3,2,1,5
2778,g2456,3,3,4,5,5
2779,g2457,6,3,1,2,5
2780,g2458,3,3,0,1,1
2781,g2459,4,1,3,3,3
2782,g2460,4,1,3,3,3
2783,g2461,4,2,2,3,4
2784,g2462,4,3,3,3,5
2785,g2463,5,5,1,2,7
2786,g2464,4,1,3,3,3
2787,g2465,6,3,1,2,5
2788,g2466,6,3,1,2,14
2789,g2467,3,4,0,1,1
2790,g2468,3,3,2,1,5
2791,g2469,6,3,1,2,5
2792,g2470,6,3,1,2,5
2793,g2471,4,1,2,3,3
2794,g2472,6,3,1,2,5
2795,g2473,5,0,1,1,8
2796,g2474,4,4,2,2,6
2797,g2475,3,1,2,1,3
2798,g2476,3,3,2,1,5
2799,g2477,4,2,2,3,4
2800,g2478,4,1,3,3,3
2801,g2479,6,3,1,2,5
2802,g2480,5,5,1,2,7
2803,g2481,5,4,1,2,6
2804,g2482,4,4,2,2,6
2805,g2483,4,4,2,2,6
2806,g2484,6,3,1,2,5
2807,g2485,3,2,0,1,37
2808,g2486,3,3,4,5,5
2809,g2487,6,5,1,2,7
2810,g2488,4,4,2,2,6
2811,g2489,4,2,2,3,4
2812,g2490,6,2,1,2,4
2813,g2491,4,2,4,4,4
2814,g2492,4,1,2,3,3
2815,g2493,4,4,4,4,6
2816,g2494,4,4,2,2,6
2817,g2495,6,3,1,2,5
2818,g2496,4,0,3,2,2
2819,g2497,4,2,2,3,4
2820,g2498,6,3,1,2,5
2821,g2499,2,5,3,4,7
2822,g2500,4,2,2,2,4
2823,g2501,3,4,0,1,1
2824,g2502,2,5,2,1,7
2825,g2503,4,2,2,2,4
2826,g2504,6,6,1,2,8
2827,g2505,4,2,2,3,4
2828,g2506,3,3,2,3,5
2829,g2507,4,4,2,2,6
2830,g2508,6,3,1,2,5
2831,g2509,6,2,1,2,4
2832,g2510,2,4,2,1,6
2833,g2511,4,3,3,3,5
2834,g2512,2,3,4,5,5
2835,g2513,3,1,2,1,3
2836,g2514,6,3,1,2,5
2837,g2515,6,4,1,2,6
2838,g2516,4,2,2,2,4
2839,g2517,4,3,3,3,5
2840,g2518,3,3,2,3,5
2841,g2519,6,3,1,2,5
2842,g2520,4,5,2,3,7
2843,g2521,6,2,1,2,4
2844,g2522,3,3,4,5,5
2845,g2523,4,5,3,3,7
2846,g2524,4,2,2,3,4
2847,g2525,4,3,4,4,5
2848,g2526,5,5,1,2,7
2849,g2527,6,3,1,2,5
2850,g2528,3,4,0,1,1
2851,g2529,4,3,2,3,5
2852,g2530,6,5,1,2,7
2853,g2531,5,5,1,2,7
2854,g2532,3,3,0,1,1
2855,g2533,6,3,1,2,5
2856,g2534,5,2,1,2,9
2857,g2535,6,3,1,2,5
2858,g2536,3,1,2,1,3
2859,g2537,4,2,2,2,4
2860,g2538,6,7,1,2,9
2861,g2539,4,4,2,2,6
2862,g2540,6,4,1,2,6
2863,g2541,6,3,1,2,5
2864,g2542,4,4,2,3,6
2865,g2543,4,2,4,4,4
2866,g2544,2,5,2,1,7
2867,g2545,4,1,2,3,3
2868,g2546,4,0,3,2,2
2869,g2547,2,5,2,1,7
2870,g2548,6,3,1,2,5
2871,g2549,4,3,4,4,5
2872,g2550,4,5,2,2,7
2873,g2551,3,3,4,5,5
2874,g2552,4,0,3,4,2
2875,g2553,3,4,0,1,1
2876,g2554,6,3,1,2,5
2877,g2555,6,2,1,2,4
2878,g2556,4,3,2,3,5
2879,g2557,4,1,2,3,3
2880,g2558,6,3,1,2,5
2881,g2559,8,2,1,2,40
2882,g2560,2,6,2,1,8
2883,g2561,4,3,2,3,5
2884,g2562,6,2,1,2,4
2885,g2563,4,1,2,3,3
2886,g2564,3,3,2,1,5
2887,g2565,4,4,3,3,6
2888,g2566,2,5,2,1,7
2889,g2567,6,3,1,2,5
2890,g2568,4,0,3,2,2
2891,g2569,4,4,3,3,6
2892,g2570,4,4,2,2,6
2893,g2571,4,2,4,4,4
2894,g2572,3,3,2,1,5
2895,g2573,3,1,2,1,3
2896,g2574,2,5,2,1,7
2897,g2575,6,4,1,2,6
2898,g2576,4,3,3,3,5
2899,g2577,3,4,0,1,1
2900,g2578,3,2,0,1,34
2901,g2579,6,3,1,2,5
2902,g2580,6,3,1,2,5
2903,g2581,3,3,4,5,5
2904,g2582,4,4,3,3,6
2905,g2583,3,4,0,1,1
2906,g2584,4,2,2,2,4
2907,g2585,3,3,2,1,5
2908,g2586,6,3,1,2,5
2909,g2587,4,5,2,2,7
2910,g2588,6,4,1,2,6
2911,g2589,6,3,1,2,5
2912,g2590,6,3,1,2,5
2913,g2591,4,1,2,3,3
2914,g2592,3,4,0,1,1
2915,g2593,3,3,0,1,1
2916,g2594,6,2,1,2,4
2917,g2595,4,2,4,4,4
2918,g2596,4,1,2,3,3
2919,g2597,2,7,3,4,9
2920,g2598,3,1,2,1,3
2921,g2599,4,3,2,3,5
2922,g2600,3,3,0,1,1
2923,g2601,4,5,2,3,7
2924,g2602,5,5,1,2,7
2925,g2603,2,6,2,3,8
2926,g2604,3,3,0,1,1
2927,g2605,3,1,2,1,3
2928,g2606,3,3,2,3,5
2929,g2607,4,2,4,4,4
2930,g2608,3,3,0,1,5
2931,g2609,4,2,2,3,4
2932,g2610,6,3,1,2,5
2933,g2611,2,5,2,1,7
2934,g2612,4,0,3,2,2
2935,g2613,6,3,1,2,5
2936,g2614,4,1,3,3,3
2937,g2615,3,3,2,3,5
2938,g2616,4,2,2,2,4
2939,g2617,3,3,2,1,5
2940,g2618,4,3,2,3,5
2941,g2619,6,6,1,2,8
2942,g2620,2,0,2,1,35
2943,g2621,6,3,1,2,5
2944,g2622,6,3,1,2,5
2945,g2623,4,3,3,3,5
2946,g2624,3,4,0,1,1
2947,g2625,4,3,3,3,5
2948,g2626,4,3,2,3,5
2949,g2627,4,2,2,2,4
2950,g2628,6,2,1,2,4
2951,g2629,4,0,3,2,2
2952,g2630,4,1,3,3,3
2953,g2631,4,1,3,3,3
2954,g2632,3,1,2,1,3
2955,g2633,4,1,2,3,3
2956,g2634,6,3,1,2,5
2957,g2635,4,0,3,2,2
2958,g2636,4,1,2,3,3
2959,g2637,3,2,3,1,7
2960,g2638,4,4,4,4,6
2961,g2639,6,3,1,2,5
2962,g2640,6,2,1,2,4
2963,g2641,4,3,2,3,5
2964,g2642,4,0,3,2,2
2965,g2643,3,3,0,1,1
2966,g2644,2,0,3,1,13
2967,g2645,4,4,2,3,6
2968,g2646,4,2,2,3,4
2969,g2647,5,5,1,2,7
2970,g2648,4,2,2,3,4
2971,g2649,6,3,1,2,5
2972,g2650,3,3,2,1,5
2973,g2651,4,1,2,3,3
2974,g2652,4,3,4,4,5
2975,g2653,4,2,4,4,4
2976,g2654,6,4,1,2,6
2977,g2655,4,1,3,3,3
2978,g2656,4,2,2,3,4
2979,g2657,4,2,2,2,4
2980,g2658,4,2,2,2,4
2981,g2659,3,7,2,3,9
2982,g2660,6,3,1,2,5
2983,g2661,3,1,2,1,3
2984,g2662,4,0,3,2,2
2985,g2663,6,1,1,2,3
2986,g2664,4,3,2,2,5
2987,g2665,4,2,4,4,4
2988,g2666,4,3,3,3,5
2989,g2667,6,3,1,2,5
2990,g2668,4,1,2,3,3
2991,g2669,3,1,2,1,3
2992,g2670,6,3,1,2,5
2993,g2671,8,7,1,2,9
2994,g2672,4,1,3,3,3
2995,g2673,4,2,4,4,4
2996,g2674,4,1,3,3,3
2997,g2675,6,4,1,2,6
2998,g2676,4,4,2,2,6
2999,g2677,3,3,0,1,1
3000,g2678,4,3,2,3,5
3001,g2679,3,3,4,5,5
3002,g2680,4,0,3,2,2
3003,g2681,4,1,3,3,3
3004,g2682,6,4,1,2,6
3005,g2683,4,4,2,2,6
3006,g2684,4,1,2,3,3
3007,g2685,3,3,2,1,5
3008,g2686,3,3,0,1,1
3009,g2687,4,1,1,2,16
3010,g2688,3,3,2,3,5
3011,g2689,3,3,2,1,5
3012,g2690,3,3,0,1,1
3013,g2691,3,5,2,3,7
3014,g2692,3,1,2,1,3
3015,g2693,6,3,1,2,5
3016,g2694,3,3,2,1,5
3017,g2695,3,7,2,3,9
3018,g2696,6,2,1,2,4
3019,g2697,3,3,2,1,5
3020,g2698,4,1,2,3,3
3021,g2699,3,3,4,5,5
3022,g2700,5,0,1,1,13
3023,g2701,6,2,1,2,14
3024,g2702,4,4,2,2,6
3025,g2703,3,6,2,3,8
3026,g2704,2,1,2,3,14
3027,g2705,4,4,2,2,6
3028,g2706,6,6,1,2,8
3029,g2707,6,6,1,2,8
3030,g2708,4,0,3,2,2
3031,g2709,4,2,2,3,4
3032,g2710,4,1,2,3,3
3033,g2711,4,1,2,3,3
3034,g2712,4,0,3,4,2
3035,g2713,3,4,0,1,1
3036,g2714,4,1,3,3,3
3037,g2715,4,1,3,3,3
3038,g2716,4,4,4,4,6
3039,g2717,6,3,1,2,5
3040,g2718,4,2,2,2,4
3041,g2719,6,3,1,2,5
3042,g2720,4,2,2,3,4
3043,g2721,4,4,2,2,6
3044,g2722,4,3,4,4,5
3045,g2723,4,0,3,2,2
3046,g2724,4,1,2,3,3
3047,g2725,4,4,3,3,6
3048,g2726,4,1,3,3,3
3049,g2727,6,3,1,2,5
3050,g2728,4,0,3,4,2
3051,g2729,4,4,3,4,6
3052,g2730,4,2,2,3,4
3053,g2731,3,1,2,1,3
3054,g2732,3,3,4,5,5
3055,g2733,4,2,2,2,4
3056,g2734,4,1,3,3,3
3057,g2735,3,4,0,1,1
3058,g2736,4,0,3,2,2
3059,g2737,4,2,2,3,4
3060,g2738,6,3,1,2,5
3061,g2739,6,10,1,2,12
3062,g2740,4,2,2,3,4
3063,g2741,6,3,1,2,5
3064,g2742,4,4,2,2,6
3065,g2743,3,3,2,1,5
3066,g2744,5,5,1,2,7
3067,g2745,3,3,2,3,5
3068,g2746,3,4,3,3,6
3069,g2747,3,3,4,5,5
3070,g2748,3,4,0,1,1
3071,g2749,6,4,1,2,6
3072,g2750,6,6,1,2,8
3073,g2751,6,3,1,2,5
3074,g2752,6,3,1,2,5
3075,g2753,4,2,4,4,4
3076,g2754,4,3,2,3,5
3077,g2755,3,4,0,1,1
3078,g2756,6,2,1,2,4
3079,g2757,6,4,1,2,6
3080,g2758,6,3,1,2,5
3081,g2759,4,1,2,3,3
3082,g2760,4,0,3,2,2
3083,g2761,3,1,2,1,3
3084,g2762,4,3,2,3,5
3085,g2763,3,1,2,1,3
3086,g2764,4,0,3,2,2
3087,g2765,4,4,4,4,6
3088,g2766,4,1,3,3,3
3089,g2767,4,4,3,4,6
3090,g2768,2,7,2,3,9
3091,g2769,4,7,1,2,9
3092,g2770,6,3,1,2,5
3093,g2771,4,4,4,4,6
3094,g2772,4,4,3,3,6
3095,g2773,3,1,2,1,3
3096,g2774,4,0,3,2,2
3097,g2775,4,4,3,3,6
3098,g2776,5,5,1,2,7
3099,g2777,4,1,3,3,3
3100,g2778,4,1,2,3,3
3101,g2779,5,6,1,2,8
3102,g2780,6,3,1,2,5
3103,g2781,5,5,1,2,7
3104,g2782,4,3,4,4,5
3105,g2783,4,1,2,3,3
3106,g2784,4,0,3,4,2
3107,g2785,2,5,2,1,7
3108,g2786,4,1,2,3,3
3109,g2787,3,3,0,1,1
3110,g2788,3,3,2,1,5
3111,g2789,6,4,1,2,6
3112,g2790,4,0,3,2,2
3113,g2791,3,3,2,1,5
3114,g2792,6,3,1,2,5
3115,g2793,4,4,3,3,6
3116,g2794,4,4,4,4,6
3117,g2795,4,4,4,4,6
3118,g2796,4,2,2,3,4
3119,g2797,3,1,2,1,3
3120,g2798,3,3,2,3,5
3121,g2799,4,4,4,4,6
3122,g2800,3,3,2,3,5
3123,g2801,3,3,4,5,5
3124,g2802,3,3,4,5,5
3125,g2803,4,7,1,2,9
3126,g2804,3,3,2,1,5
3127,g2805,3,1,2,1,3
3128,g2806,4,2,2,3,4
3129,g2807,3,1,2,1,3
3130,g2808,4,1,3,3,3
3131,g2809,4,2,2,2,4
3132,g2810,6,3,1,2,5
3133,g2811,4,3,2,3,5
3134,g2812,6,4,1,2,6
3135,g2813,6,4,1,2,6
3136,g2814,4,7,1,2,9
3137,g2815,2,5,2,1,7
3138,g2816,4,1,2,3,39
3139,g2817,4,2,2,2,4
3140,g2818,6,3,1,2,5
3141,g2819,4,3,4,4,5
3142,g2820,4,4,2,3,6
3143,g2821,4,1,2,3,3
3144,g2822,4,2,4,4,4
3145,g2823,2,5,2,1,7
3146,g2824,6,3,1,2,5
3147,g2825,4,2,2,2,4
3148,g2826,4,2,2,3,4
3149,g2827,4,4,4,4,6
3150,g2828,4,1,3,3,3
3151,g2829,4,4,2,2,6
3152,g2830,4,4,2,2,6
3153,g2831,4,2,2,3,4
3154,g2832,3,3,4,5,5
3155,g2833,4,2,4,4,4
3156,g2834,4,3,3,3,5
3157,g2835,4,4,4,4,6
3158,g2836,3,1,2,1,3
3159,g2837,5,5,1,2,7
3160,g2838,4,1,3,3,3
3161,g2839,4,3,2,3,5
3162,g2840,4,2,4,4,4
3163,g2841,4,4,2,2,6
3164,g2842,3,4,0,1,1
3165,g2843,4,2,2,2,4
3166,g2844,4,3,3,3,5
3167,g2845,3,3,0,1,1
3168,g2846,4,5,2,3,7
3169,g2847,3,4,0,1,1
3170,g2848,4,4,3,3,6
3171,g2849,6,2,1,2,4
3172,g2850,4,4,3,3,6
3173,g2851,4,2,2,3,4
3174,g2852,3,3,2,1,5
3175,g2853,4,4,4,4,6
3176,g2854,6,3,1,2,5
3177,g2855,3,1,2,1,3
3178,g2856,2,5,2,1,7
3179,g2857,2,1,2,3,14
3180,g2858,3,4,0,1,1
3181,g2859,3,3,0,1,1
3182,g2860,4,4,4,4,6
3183,g2861,4,0,3,2,2
3184,g2862,3,1,0,1,7
3185,g2863,4,2,2,3,4
3186,g2864,4,1,3,3,3
3187,g2865,5,3,1,2,5
3188,g2866,4,1,2,3,3
3189,g2867,6,3,1,2,5
3190,g2868,4,5,2,3,7
3191,g2869,3,3,2,1,5
3192,g2870,4,4,2,2,6
3193,g2871,6,2,1,2,4
3194,g2872,5,4,1,2,6
3195,g2873,4,3,2,3,5
3196,g2874,3,3,4,5,5
3197,g2875,4,2,2,3,4
3198,g2876,3,3,0,1,1
3199,g2877,4,2,2,2,4
3200,g2878,2,5,2,1,7
3201,g2879,6,4,1,2,6
3202,g2880,4,2,2,2,4
3203,g2881,6,3,1,2,5
3204,g2882,6,2,1,2,4
3205,g2883,4,4,2,2,6
3206,g2884,2,5,2,1,7
3207,g2885,6,3,1,2,5
3208,g2886,4,1,3,3,3
3209,g2887,4,2,4,4,4
3210,g2888,4,1,2,3,3
3211,g2889,4,2,2,2,4
3212,g2890,3,4,0,1,1
3213,g2891,3,4,0,1,1
3214,g2892,4,1,3,3,3
3215,g2893,6,3,1,2,5
3216,g2894,4,2,2,3,4
3217,g2895,4,1,2,3,3
3218,g2896,6,3,1,2,5
3219,g2897,4,0,2,3,2
3220,g2898,3,1,2,1,3
3221,g2899,6,2,1,2,4
3222,g2900,3,3,2,1,5
3223,g2901,4,2,2,3,4
3224,g2902,3,3,2,1,5
3225,g2903,4,2,2,2,4
3226,g2904,4,0,3,2,2
3227,g2905,6,3,1,2,5
3228,g2906,5,4,1,2,6
3229,g2907,3,1,3,1,39
3230,g2908,3,4,0,1,1
3231,g2909,3,3,2,1,5
3232,g2910,2,6,2,1,8
3233,g2911,4,7,1,2,9
3234,g2912,4,3,4,4,5
3235,g2913,4,4,3,3,6
3236,g2914,2,5,2,1,7
3237,g2915,2,0,2,1,8
3238,g2916,4,1,3,3,3
3239,g2917,5,8,1,2,10
3240,g2918,4,2,2,3,4
3241,g2919,4,2,2,2,4
3242,g2920,4,4,2,2,6
3243,g2921,8,3,1,2,16
3244,g2922,4,3,2,3,5
3245,g2923,6,3,1,2,5
3246,g2924,4,3,2,3,5
3247,g2925,3,1,2,1,3
3248,g2926,6,3,1,2,5
3249,g2927,4,0,3,4,2
3250,g2928,3,1,0,1,7
3251,g2929,2,5,2,1,7
3252,g2930,4,0,3,4,2
3253,g2931,4,1,3,3,3
3254,g2932,3,5,3,4,7
3255,g2933,3,3,4,5,5
3256,g2934,4,4,2,2,6
3257,g2935,4,2,2,2,4
3258,g2936,6,4,1,2,6
3259,g2937,3,3,0,1,1
3260,g2938,4,2,2,3,4
3261,g2939,4,2,2,3,4
3262,g2940,6,2,1,2,4
3263,g2941,6,3,1,2,5
3264,g2942,6,3,1,2,5
3265,g2943,4,1,2,3,3
3266,g2944,4,4,3,3,6
3267,g2945,6,6,1,2,8
3268,g2946,2,5,2,1,7
3269,g2947,6,4,1,2,6
3270,g2948,3,3,2,3,5
3271,g2949,3,4,0,1,1
3272,g2950,2,7,2,3,9
3273,g2951,4,4,2,2,6
3274,g2952,3,4,0,1,1
3275,g2953,4,3,3,3,5
3276,g2954,3,3,2,1,5
3277,g2955,4,2,2,2,4
3278,g2956,3,3,2,1,5
3279,g2957,6,6,1,2,8
3280,g2958,3,4,0,1,1
3281,g2959,5,6,1,2,8
3282,g2960,4,2,2,3,4
3283,g2961,4,2,2,2,4
3284,g2962,2,5,2,1,7
3285,g2963,3,3,0,1,5
3286,g2964,4,1,2,3,3
3287,g2965,4,1,3,3,3
3288,g2966,3,3,2,1,5
3289,g2967,6,2,1,2,4
3290,g2968,4,3,3,3,5
3291,g2969,4,3,3,3,5
3292,g2970,2,4,4,3,6
3293,g2971,3,1,0,1,7
3294,g2972,6,9,1,2,11
3295,g2973,3,3,2,3,5
3296,g2974,2,7,2,3,9
3297,g2975,4,5,2,3,7
3298,g2976,3,4,0,1,11
3299,g2977,4,2,2,3,4
3300,g2978,3,4,0,1,1
3301,g2979,4,2,2,2,4
3302,g2980,4,4,2,2,6
3303,g2981,6,3,1,2,5
3304,g2982,3,3,2,1,5
3305,g2983,4,2,2,3,4
3306,g2984,3,3,0,1,5
3307,g2985,4,2,4,4,4
3308,g2986,4,1,2,3,3
3309,g2987,3,3,0,1,1
3310,g2988,4,2,2,3,4
3311,g2989,4,4,4,4,6
3312,g2990,4,2,2,3,4
3313,g2991,3,3,2,1,5
3314,g2992,4,2,2,3,4
3315,g2993,3,4,2,3,6
3316,g2994,4,0,3,2,2
3317,g2995,3,1,2,1,3
3318,g2996,4,3,2,3,5
3319,g2997,4,3,2,3,5
3320,g2998,4,2,2,3,4
3321,g2999,4,0,3,4,2
3322,g3000,6,3,1,2,5
3323,g3001,3,3,0,1,1
3324,g3002,5,5,1,2,7
3325,g3003,2,6,2,1,8
3326,g3004,4,1,3,3,3
3327,g3005,4,1,3,3,3
3328,g3006,3,5,3,4,7
3329,g3007,4,2,4,4,4
3330,g3008,4,4,4,4,6
3331,g3009,4,1,3,3,3
3332,g3010,4,4,2,2,6
3333,g3011,4,4,2,2,6
3334,g3012,6,3,1,2,5
3335,g3013,3,1,2,1,3
3336,g3014,4,5,2,3,7
3337,g3015,3,4,0,1,1
3338,g3016,3,3,4,5,5
3339,g3017,4,3,2,3,5
3340,g3018,4,4,2,2,6
3341,g3019,3,3,2,1,5
3342,g3020,4,4,2,2,6
3343,g3021,4,2,2,3,4
3344,g3022,3,2,0,1,7
3345,g3023,4,4,4,4,6
3346,g3024,4,4,4,4,6
3347,g3025,4,1,2,3,3
3348,g3026,4,2,4,4,4
3349,g3027,4,1,2,3,3
3350,g3028,6,3,1,2,5
3351,g3029,4,1,1,2,33
3352,g3030,3,4,0,1,1
3353,g3031,3,4,0,1,1
3354,g3032,3,1,2,1,3
3355,g3033,3,1,2,1,3
3356,g3034,3,3,3,4,5
3357,g3035,3,3,4,5,5
3358,g3036,3,1,2,1,3
3359,g3037,3,4,0,1,1
3360,g3038,4,5,3,3,7
3361,g3039,4,3,4,4,5
3362,g3040,4,1,3,3,3
